0,0.0050962,0.092522,0.092651,0.11465,0.051994,0.051447,0.0714,0.023258,0.066495,0.050417,0.041588,0.08757,0.09256,0.052456,0.01281,0.068309,0.043527,0.39394,0.057985,0.023799,0.014523,0.0041657,0.021605,0.031986,0.047644,0.19843,0.018676,0.052799,0.064287,0.076637,0.020563,0.14637,0.084191,0.079718,0.027494,0.24278,0.10085,0.055035,0.032861,0.10251,0.011929,0.023206,0.15822,0.034069,0.0090799,0.033395,0.13452,0.075992,0.0088133,0.06461,0.22105,0.10034,0.037933,0.051986,0.11475,0.00050483,0.047037,0.011591,0.088911,0.053809,0.25167,0.12229,0.065694,0.10092,0.16175,0.24436,0.048583,0.023857,0.14944,0.044672,0.034158,0.05638,0.0089468,0.0011287,0.0032194,0.077216,0.034199,0.063578,0.080252,0.034631,0.010713,0.18335,0.07679,0.09282,0.062772,0.045588,0.037596,0.015423,0.068632,0.099056,0.025,0.069881,0.12912,0.074819,0.054195,0.11059,0.01381,0.11168,0.065878
0.0050962,0,0.032392,0.0072408,0.31776,0.0090865,0.16872,0.019592,0.19922,0.15329,0.0075107,0.17799,0.19325,0.062245,0.0062262,0.052757,0.22553,0.060315,0.14549,0.0073544,0.034976,0.14047,0.0056702,0.16795,0.051265,0.13737,0.12028,0.12517,0.18225,0.11877,0.068101,0.096083,0.1258,0.046023,0.087029,0.12134,0.082903,0.086027,0.11311,0.21829,0.10144,0.08309,0.058793,0.14368,0.067702,0.019223,0.03552,0.055917,0.065417,0.096792,0.021725,0.021174,0.092322,0.013528,0.071946,0.020087,0.0013165,0.16887,0.012856,0.061488,0.13164,0.048151,0.1733,0.087067,0.24984,0.14231,0.011277,0.048625,0.023171,0.011123,0.1474,0.017023,0.014696,0.032221,0.085865,0.20408,0.065607,0.050139,0.14557,0.10064,0.011904,0.037705,0.013618,0.044979,0.11265,0.092601,0.030253,0.0041618,0.018859,0.082471,0.014573,0.14456,0.087083,0.0022369,0.064696,0.020308,0.018881,0.022282,0.034498,0.037091
0.092522,0.032392,0,0.13818,0.19217,0.10749,0.004966,0.17776,0.070505,0.25194,0.17757,0.11077,0.02911,0.046328,0.090187,0.1183,0.06347,0.1385,0.0051512,0.012444,0.00026856,0.18209,0.0856,0.046765,0.1909,0.00237,0.022223,0.052933,0.033562,0.17026,0.032032,0.052571,0.050736,0.12029,0.13276,0.0011777,0.042566,0.088849,0.065896,0.16084,0.017632,0.27361,0.11571,0.10756,0.019378,0.15357,0.19135,0.13721,0.080994,0.11243,0.090098,0.095454,0.18606,0.15224,0.054684,0.16306,0.094861,0.02041,0.14752,0.022318,0.15355,0.069152,0.082469,0.01711,0.036436,0.10235,0.036346,0.016631,0.26759,0.065541,0.004605,0.089984,0.0066308,0.032759,0.093492,0.15884,0.12015,0.11874,0.12019,0.26447,0.01393,0.050362,0.031638,0.0069469,0.081322,0.061703,0.15827,0.018139,0.0054203,0.048257,0.031922,0.031671,0.0062364,0.21588,0.03001,0.051618,0.0068307,0.054318,0.097639,0.01912
0.092651,0.0072408,0.13818,0,0.056548,0.16562,0.061522,0.019564,0.082959,0.011114,0.049221,0.076426,0.01815,0.080755,0.042851,0.0026651,0.1153,0.099201,0.076494,0.16178,0.0049459,0.037892,0.0339,0.16672,0.061357,0.058409,0.1083,0.097986,0.011086,0.077451,0.098987,0.082808,0.21915,0.08093,0.059342,0.13005,0.073727,0.063551,0.17103,0.009707,0.0033705,0.022485,0.039332,0.10293,0.15381,0.10172,0.088578,0.2061,0.03536,0.086501,0.091398,0.13463,0.063218,0.033705,0.064534,0.024103,0.075986,0.09925,0.13655,0.026917,0.015887,0.095105,0.025605,0.083875,0.01223,0.048275,0.074762,0.014246,0.041251,0.0043564,0.049794,0.083111,0.039141,0.03537,0.046208,0.22934,0.058338,0.039691,0.05636,0.061275,0.07637,0.039351,0.069301,0.019259,0.19536,0.11395,0.16006,0.061506,0.085498,0.051267,0.086416,0.0344,0.020028,0.16634,0.019639,0.11876,0.04719,0.052497,0.22584,0.040641
0.11465,0.31776,0.19217,0.056548,0,0.14065,0.15733,0.07364,0.033636,0.15343,0.14692,0.049816,0.012673,0.083912,0.10814,0.055195,0.15144,0.091679,0.0048158,0.0070115,0.085335,0.18329,0.018938,0.059441,0.052216,0.16659,0.084886,0.21038,0.065523,0.025871,0.0068219,0.016598,0.22261,0.17936,0.10987,0.088095,0.069032,0.0045422,0.13029,0.074678,0.059417,0.18708,0.025941,0.018223,0.0061083,0.03353,0.1453,0.014021,0.12789,0.038945,0.069971,0.046642,0.010618,0.020855,0.034363,0.08372,0.066482,0.046986,0.006313,0.069643,0.056852,0.15008,0.14794,0.00079187,0.031767,0.14579,0.010278,0.051635,0.077355,0.029494,0.039224,0.02764,0.010187,0.028294,0.07292,0.093758,0.040004,0.083211,0.044645,0.17318,0.1588,0.052863,0.0054173,0.044071,0.097499,0.054849,0.097882,0.03169,0.081253,0.13934,0.067508,0.10499,0.061067,0.0061956,0.081432,0.035581,0.13498,0.051669,0.13663,0.11961
0.051994,0.0090865,0.10749,0.16562,0.14065,0,0.0031082,0.095541,0.082524,0.1681,0.026966,0.20191,0.091769,0.10989,0.0097877,0.096698,0.23552,0.041061,0.040072,0.079611,0.12391,0.097545,0.026586,0.18582,0.087155,0.006644,0.16467,0.088121,0.083621,0.075371,0.10314,0.029483,0.050657,0.011318,0.0096936,0.032641,0.19384,0.048136,0.10427,0.13873,0.045766,0.042575,0.027049,0.050459,0.32518,0.041095,0.010307,0.079944,0.092098,0.030013,0.0086094,0.17498,0.074376,0.011054,0.10671,0.026095,0.19849,0.18084,0.042022,0.026774,0.050549,0.00083917,0.060048,0.059133,0.181,0.023018,0.09448,0.0044372,0.09434,0.14796,0.064826,0.092728,0.036292,0.049983,0.11619,0.10903,0.10018,0.066163,0.094762,0.043091,0.054155,0.076148,0.089783,0.026127,0.14121,0.06318,0.32051,0.048577,0.26258,0.077136,0.15035,0.033172,0.17734,0.17722,0.03111,0.012011,0.021766,0.069098,0.051818,0.046644
0.051447,0.16872,0.004966,0.061522,0.15733,0.0031082,0,0.16189,0.047526,0.092769,0.03137,0.05862,0.10802,0.0063448,0.079106,0.071444,0.002679,0.10188,0.067615,0.0018564,0.070978,0.075377,0.013298,0.0012354,0.079066,0.064899,0.14854,0.052213,0.15895,0.05728,0.17301,0.00071707,0.12813,0.047426,0.032367,0.044404,0.027357,0.095986,0.066533,0.076418,0.15276,0.13707,0.20737,0.088939,0.0040115,0.27358,0.036691,0.0054141,0.020457,0.0077942,0.07918,0.057912,0.16715,0.017694,0.089384,0.19582,0.1164,0.094271,0.085825,0.035929,0.10966,0.039123,0.028265,0.063015,0.058684,0.1963,0.0083086,0.033671,0.047014,0.12188,0.042864,0.075122,0.15239,0.15225,0.070209,0.0065266,0.15861,0.021339,0.01171,0.14468,0.020142,0.039832,0.0072806,0.078898,0.20833,0.038125,0.10953,0.030493,0.0038814,0.11714,0.062036,0.24474,0.065276,0.25571,0.27305,0.029272,0.12523,0.082461,0.021257,0.090223
0.0714,0.019592,0.17776,0.019564,0.07364,0.095541,0.16189,0,0.0019798,0.10275,0.081939,0.084135,0.059934,0.17368,0.027301,0.00083628,0.028487,0.15831,0.22579,0.15638,0.038016,0.026492,0.048477,0.050095,0.082714,0.055803,0.255,0.069435,0.072546,0.028112,0.092934,0.066689,0.055484,0.0032122,0.10828,0.030742,0.026001,0.016626,0.15497,0.040532,0.0039332,0.19245,0.091329,0.042243,0.094664,0.013144,0.018124,0.15115,0.014195,0.21569,0.028188,0.030442,0.29024,0.045866,0.21052,0.27355,0.028171,0.15755,0.089514,0.089247,0.13174,0.070933,0.014886,0.15862,0.16861,0.043545,0.059711,0.015099,0.035698,0.028496,0.022429,0.16867,0.051302,0.12976,0.056968,0.029392,0.025557,0.04876,0.21233,0.103,0.12671,0.021537,0.080739,0.0051072,0.024274,0.17196,0.20905,0.039267,0.0093528,0.14455,0.015341,0.10346,0.14889,0.0027102,0.22927,0.077679,0.11027,0.073537,0.057397,0.042337
0.023258,0.19922,0.070505,0.082959,0.033636,0.082524,0.047526,0.0019798,0,0.1066,0.15592,0.14984,0.053578,0.095159,0.013281,0.20105,0.011687,0.034874,0.15587,0.092947,0.053485,0.1908,0.13574,0.026264,0.05937,0.023758,0.10171,0.043535,0.11343,0.14338,0.013817,0.082361,0.028414,0.0081309,0.044748,0.30852,0.0003803,0.03048,0.11932,0.058517,0.03075,0.032041,0.12561,0.049326,0.078328,0.17016,0.007618,0.057302,0.018546,0.022352,0.017026,0.04645,0.038251,0.14789,0.13643,0.10111,0.027553,0.00012583,0.15189,0.10655,0.001395,0.030525,0.12674,0.10284,0.0016159,0.046451,0.051825,0.090884,0.095824,0.11652,0.082028,0.13069,0.23642,0.20451,0.082886,0.034669,0.040842,0.12541,0.085468,0.17188,0.14052,0.020323,0.047239,0.026192,0.23359,0.13997,0.069036,0.031969,0.047077,0.0086262,0.17662,0.070958,0.14972,0.10786,0.049748,0.074138,0.27836,0.064817,0.14334,0.14402
0.066495,0.15329,0.25194,0.011114,0.15343,0.1681,0.092769,0.10275,0.1066,0,0.033387,0.0017598,0.025051,0.082714,0.039887,0.041882,0.12369,0.06066,0.26883,0.038237,0.09844,0.11999,0.17766,0.023701,0.054125,0.16851,0.13788,0.0013793,0.0033892,0.11623,0.046327,0.025009,0.067312,0.079062,0.031286,0.066534,0.014525,0.00052252,0.0199,0.074811,0.12318,0.11642,0.0070369,0.093998,0.079596,0.1038,0.12002,0.10104,0.1222,0.15124,0.021718,0.18346,0.1454,0.037646,0.13631,0.099102,0.020549,0.090543,0.058182,0.053927,0.020768,0.023875,0.021131,0.059213,0.14768,0.067615,0.0047613,0.094399,0.13742,0.070232,0.056971,0.008345,0.017457,0.20913,0.055906,0.067989,0.056151,0.041305,0.074068,0.0037502,0.0062112,0.20117,0.044163,0.0076406,0.12711,0.099512,0.029531,0.059449,0.0236,0.0030569,0.034759,0.025989,0.12601,0.00072372,0.18285,0.09253,0.095459,0.11477,0.080337,0.11615
0.050417,0.0075107,0.17757,0.049221,0.14692,0.026966,0.03137,0.081939,0.15592,0.033387,0,0.073165,0.01245,0.06507,0.047469,0.07412,0.064811,0.1415,0.093205,0.083942,0.05206,0.33786,0.071052,0.054129,0.01356,0.046396,0.024701,0.0088921,0.023561,0.04823,0.010975,0.083812,0.025387,0.11561,0.10795,0.065057,0.060068,0.13693,0.069032,0.068753,0.1307,0.015177,0.039274,0.0072984,0.13293,0.013613,0.054854,0.076939,0.12119,0.067574,0.099705,0.016205,0.046579,0.041588,0.019402,0.13113,0.084705,0.0041232,0.19775,0.034578,0.032967,0.15435,0.0045413,0.015499,0.10883,0.0060819,0.040098,0.035159,0.016742,0.044727,0.011894,0.023654,0.21971,0.016669,0.019056,0.022446,0.076559,0.16265,0.17235,0.014757,0.0091112,0.0091008,0.033027,0.10813,0.1879,0.053988,0.061614,0.10635,0.085583,0.010106,0.070494,0.0016735,0.13342,0.0057069,0.032652,0.0412,0.0056479,0.014852,0.028656,0.058312
0.041588,0.17799,0.11077,0.076426,0.049816,0.20191,0.05862,0.084135,0.14984,0.0017598,0.073165,0,0.0090053,0.016802,0.014169,0.13589,0.014033,0.16075,0.028469,0.042065,0.13652,0.026006,0.017207,0.12864,0.043179,0.085671,0.13683,0.029881,0.16507,0.17362,0.10519,0.06728,0.16736,0.089331,0.1184,0.20305,0.036142,0.042076,0.11771,0.093309,0.0076371,0.024416,0.049133,0.18877,0.076185,0.24999,0.066613,0.061095,0.034352,0.021105,0.095307,0.062084,0.0018095,0.14499,0.019367,0.017686,0.12378,0.0044114,0.023267,0.038773,0.0024436,0.12832,0.002731,0.058903,0.030584,0.27807,0.084833,0.036521,0.034645,0.047208,0.13797,0.047417,0.098704,0.10727,0.06102,0.044152,0.059443,0.063567,0.11122,0.27487,0.10266,0.12826,0.069166,0.069167,0.076936,0.062046,0.05686,0.092945,0.21059,0.087659,0.099985,0.0856,0.029546,0.054012,0.043563,0.047727,0.16884,0.14426,0.019891,0.020883
0.08757,0.19325,0.02911,0.01815,0.012673,0.091769,0.10802,0.059934,0.053578,0.025051,0.01245,0.0090053,0,0.00050774,0.20402,0.014363,0.078388,0.092307,0.077949,0.13142,0.081074,0.077623,0.014867,0.020249,0.038952,0.11129,0.1101,0.04574,0.0074807,0.061979,0.039645,0.012081,0.098388,0.072014,0.047757,0.06788,0.052153,0.18502,0.097878,0.0029199,0.1987,0.088269,0.011026,0.083969,0.067274,0.064796,0.018115,0.1163,0.10765,0.023844,0.035214,0.099617,0.076353,0.041685,0.18105,0.23706,0.10609,0.10121,0.022066,0.20587,0.057335,0.10271,0.0052699,0.060945,0.087234,0.065077,0.17526,0.041705,0.10897,0.040077,0.12962,0.072776,0.11157,0.1559,0.0014466,0.10522,0.06176,0.15851,0.02615,0.28304,0.12139,0.14498,0.13841,0.055251,0.079527,0.10618,0.0013528,0.22495,0.18103,0.48948,0.051256,0.062617,0.1121,0.055169,0.038882,0.05255,0.0093646,0.068971,0.03365,0.019875
0.09256,0.062245,0.046328,0.080755,0.083912,0.10989,0.0063448,0.17368,0.095159,0.082714,0.06507,0.016802,0.00050774,0,0.10713,0.20791,0.20852,0.044136,0.24898,0.06797,0.058762,0.021197,0.22161,0.31452,0.021447,0.14635,0.0049017,0.054667,0.13158,0.10031,0.066765,0.079628,0.045809,0.058728,0.074301,0.23549,0.011403,0.011149,0.049108,0.061756,0.15656,0.069642,0.001831,0.017044,0.1207,0.22262,0.022841,0.15408,0.10725,0.018472,0.045192,0.088139,0.062598,0.035248,0.070519,0.16214,0.12,0.028135,0.035913,0.068816,0.13657,0.18317,0.065167,0.067949,0.10183,0.10456,0.1412,0.031645,0.020093,0.11117,0.060588,0.11795,0.11277,0.035854,0.074238,0.040368,0.020608,0.0038588,0.096661,0.072456,0.092663,0.018938,0.049011,0.031334,0.10439,0.090488,0.0040415,0.088163,0.20114,0.22765,0.001403,0.16214,0.20527,0.032748,0.26275,0.043938,0.054198,0.027501,0.031923,0.20953
0.052456,0.0062262,0.090187,0.042851,0.10814,0.0097877,0.079106,0.027301,0.013281,0.039887,0.047469,0.014169,0.20402,0.10713,0,0.015032,0.013206,0.0021614,0.058251,0.014126,0.012482,0.049954,0.023487,0.058294,0.044104,0.087669,0.048196,0.00076063,0.10292,0.066472,0.081364,0.086621,0.014468,0.12363,0.0096996,0.01158,0.23801,0.057351,0.027296,0.21751,0.077498,0.050322,0.17402,0.074838,0.0002647,0.21214,0.0009848,0.17057,0.0015931,0.11147,0.03094,0.034713,0.10671,0.041745,0.20263,0.0038298,0.043785,0.021076,0.029626,0.030166,0.020265,0.036627,0.11875,0.047177,0.035145,0.066843,0.1267,0.13357,0.011606,0.042256,0.11774,0.014115,0.17707,0.11788,0.043186,0.0015351,0.27282,0.11557,0.038963,0.094767,0.072617,0.043499,0.060971,0.19969,0.27975,0.16974,0.0059956,0.023981,0.25224,0.054692,0.050702,0.10148,0.17924,0.068518,0.068421,0.00093255,0.34259,0.15894,0.032051,0.00023527
0.01281,0.052757,0.1183,0.0026651,0.055195,0.096698,0.071444,0.00083628,0.20105,0.041882,0.07412,0.13589,0.014363,0.20791,0.015032,0,0.049314,0.038839,0.11496,0.0915,0.013536,0.042362,0.00095312,0.021861,0.09603,0.015296,0.069683,0.043255,0.042304,0.061337,0.19121,0.099366,0.34188,0.014093,0.0025299,0.12762,0.020905,0.035913,0.02567,0.052986,0.10844,0.021028,0.014334,0.12309,0.12709,0.037544,0.080015,0.0049891,0.10162,0.28583,0.13073,0.20096,0.10208,0.052746,0.0011975,0.059745,0.32888,0.11664,0.032358,0.089935,0.1781,0.071093,0.066624,0.056758,0.16228,0.02888,0.014948,0.01659,0.081978,0.072858,0.0099595,0.11022,0.0024285,0.15596,0.05278,0.17195,0.030582,0.086395,0.033274,0.076278,0.018402,0.070568,0.15885,0.090245,0.18681,0.056777,0.075491,0.066838,0.045808,0.12176,0.072501,0.069958,0.12698,0.12817,0.067269,0.12336,0.048834,0.27136,0.10565,0.10056
0.068309,0.22553,0.06347,0.1153,0.15144,0.23552,0.002679,0.028487,0.011687,0.12369,0.064811,0.014033,0.078388,0.20852,0.013206,0.049314,0,0.087389,0.045797,0.0052774,0.15632,0.15633,0.21299,0.10231,0.041599,0.019741,0.01231,0.011716,0.084839,0.026964,0.13159,0.078807,0.094933,0.16251,0.093896,0.18341,0.09252,0.01821,0.13326,0.10874,0.043888,0.040742,0.16495,0.040707,0.0073521,0.13729,0.015912,0.23477,0.069646,0.065373,0.18635,0.20531,0.041813,0.10191,0.085204,0.048747,0.062688,0.035186,0.099676,0.041408,0.13438,0.010408,0.030397,0.063227,0.10439,0.015127,0.11234,0.1572,0.1212,0.10953,0.21401,0.024083,0.085306,0.058769,0.024724,0.039087,0.043163,0.072065,0.1492,0.063142,0.15295,0.14955,0.18606,0.061401,0.059244,0.00095834,0.0028945,0.062754,0.033015,0.18051,0.041043,0.13802,0.0024912,0.13812,0.2471,0.020712,0.069704,0.034205,0.017342,0.032094
0.043527,0.060315,0.1385,0.099201,0.091679,0.041061,0.10188,0.15831,0.034874,0.06066,0.1415,0.16075,0.092307,0.044136,0.0021614,0.038839,0.087389,0,0.13549,0.1002,0.011825,0.029545,0.14172,0.041976,0.019377,0.17163,0.030724,0.17819,0.10323,0.065992,0.0075166,0.0092566,0.17248,0.13032,0.055655,0.08896,0.0047732,0.0056567,0.049062,0.036038,0.20041,0.063353,0.0054762,0.037907,0.097161,0.031242,0.26389,0.057464,0.18524,0.25059,0.20888,0.10796,0.027203,0.014588,0.013064,0.095134,0.11763,0.031208,0.1124,0.068247,0.10003,0.13346,0.12391,0.14848,0.02673,0.025182,0.0097997,0.14582,0.15002,0.020221,0.212,0.10382,0.010209,0.15225,0.13184,0.042693,0.11791,0.014602,0.013613,0.018707,0.028934,0.19613,0.039057,0.096603,0.065137,0.024708,0.11262,0.11846,0.028609,0.085463,0.13037,0.0082631,0.015555,0.045195,0.1488,0.09087,0.022597,0.0095899,0.079516,0.11312
0.39394,0.14549,0.0051512,0.076494,0.0048158,0.040072,0.067615,0.22579,0.15587,0.26883,0.093205,0.028469,0.077949,0.24898,0.058251,0.11496,0.045797,0.13549,0,0.015545,0.10816,0.051173,0.018482,0.028581,0.20123,0.0099676,0.097334,0.066956,0.02252,0.031992,0.25628,0.031921,0.044676,0.041581,0.22575,0.0048568,0.032867,0.14982,0.01784,0.093559,0.058464,0.07049,0.063888,0.0040802,0.17095,0.23127,0.073558,0.079934,0.085623,0.022927,0.12237,0.081054,0.061218,0.084369,0.063641,0.091898,0.0067737,0.34526,0.0064558,0.0069676,0.0015012,0.21779,0.071835,0.1038,0.001796,0.099404,0.055787,0.14527,0.074551,0.14248,0.24219,0.1998,0.075344,0.065347,0.11964,0.086406,0.084398,0.18166,0.082505,0.039885,0.04488,0.15793,0.10337,0.051995,0.020006,0.0057216,0.16412,0.029754,0.1822,0.020532,0.074607,0.033552,0.11591,0.027617,0.048915,0.031033,0.075791,0.0377,0.0064611,0.038443
0.057985,0.0073544,0.012444,0.16178,0.0070115,0.079611,0.0018564,0.15638,0.092947,0.038237,0.083942,0.042065,0.13142,0.06797,0.014126,0.0915,0.0052774,0.1002,0.015545,0,0.022887,0.072859,0.027332,0.17191,0.013592,0.043008,0.039817,0.13916,0.092886,0.014319,0.13534,0.11964,0.021884,0.081908,0.079335,0.092247,0.1334,0.029487,0.19513,0.041042,0.0057361,0.11173,0.1079,0.040314,0.089404,0.064641,0.040884,0.15534,0.084477,0.1275,0.11951,0.0023423,0.070422,0.12938,0.030179,0.037181,0.019855,0.18933,0.009516,0.024134,0.11601,0.037148,0.0090594,0.025205,0.064505,0.10865,0.040906,0.027679,0.072456,0.00095025,0.013296,0.091096,0.17781,0.071666,0.060886,0.13031,0.050842,0.10288,0.21688,0.016865,0.16856,0.085236,0.015752,0.097455,0.069813,0.1048,0.046155,0.023657,0.084687,0.099268,0.10177,0.076093,0.017796,0.062227,0.23025,0.093169,0.069803,0.032821,0.023588,0.15947
0.023799,0.034976,0.00026856,0.0049459,0.085335,0.12391,0.070978,0.038016,0.053485,0.09844,0.05206,0.13652,0.081074,0.058762,0.012482,0.013536,0.15632,0.011825,0.10816,0.022887,0,0.0089696,0.020355,0.03157,0.10893,0.029544,0.05549,0.037242,0.056187,0.043245,0.01908,0.010845,0.18244,0.077057,0.04246,0.043152,0.035201,0.057056,0.067047,0.070053,0.035395,0.11438,0.0059999,0.146,0.15157,0.28627,0.11298,0.099617,0.064208,0.031957,0.017643,0.074341,0.15285,0.045607,0.033145,0.041947,0.0079063,0.16228,0.029097,0.11939,0.089019,0.020281,0.11874,0.14863,0.041986,0.016003,0.038935,0.041993,0.10426,0.16563,0.13065,0.0137,0.059469,0.0082773,0.0051872,0.064476,0.0025573,0.1634,0.10879,0.13971,0.021011,0.052044,0.045308,0.025693,0.013815,0.057387,0.066806,0.14529,0.14354,0.078325,0.025281,0.022099,0.15545,0.087966,0.034917,0.12916,0.15911,0.21809,0.08277,0.02795
0.014523,0.14047,0.18209,0.037892,0.18329,0.097545,0.075377,0.026492,0.1908,0.11999,0.33786,0.026006,0.077623,0.021197,0.049954,0.042362,0.15633,0.029545,0.051173,0.072859,0.0089696,0,0.064947,0.15458,0.00065617,0.066851,0.15533,0.020444,0.047185,0.032119,0.091116,0.083456,0.0046518,0.22478,0.036368,0.047719,0.022141,0.013723,0.00024793,0.016727,0.033329,0.027206,0.11202,0.12526,0.079767,0.17763,0.01203,0.012018,0.10906,0.096055,0.11093,0.14269,0.049348,0.087515,0.024603,0.090663,0.018214,0.18023,0.050505,0.055825,0.13155,0.042204,0.015319,0.15023,0.022795,0.14242,0.084442,0.017569,0.069188,0.012241,0.015849,0.063399,0.012774,0.013838,0.014726,0.072873,0.069126,0.061318,0.059117,0.03676,0.28372,0.17371,0.12461,0.012595,0.0024981,0.017869,0.087618,0.013213,0.15749,0.089237,0.0067385,0.012676,0.0017572,0.048691,0.017962,0.11674,0.086534,0.17302,0.058268,0.27495
0.0041657,0.0056702,0.0856,0.0339,0.018938,0.026586,0.013298,0.048477,0.13574,0.17766,0.071052,0.017207,0.014867,0.22161,0.023487,0.00095312,0.21299,0.14172,0.018482,0.027332,0.020355,0.064947,0,0.053396,0.046527,0.046926,0.045078,0.037204,0.13641,0.033645,0.054769,0.22472,0.00090664,0.026342,0.16884,0.07453,0.053093,0.062333,0.1071,0.062031,0.12946,0.1031,0.082199,0.12825,0.060198,0.005751,0.25426,0.19957,0.12592,0.097781,0.14523,0.20236,0.10603,0.055406,0.17441,0.12039,0.1053,0.17984,0.040819,0.10697,0.038424,0.0020547,0.14679,0.13149,0.22919,0.074461,0.14213,0.13259,0.014525,0.093036,0.21537,0.19714,0.054682,0.1725,0.076662,0.076968,0.23688,0.085342,0.052045,0.0475,0.2438,0.014124,0.059177,0.15582,0.084872,0.065802,0.1099,0.015933,0.06716,0.047595,0.20055,0.076419,0.0032068,0.12816,0.032704,0.050176,0.023785,0.022868,0.088467,0.04278
0.021605,0.16795,0.046765,0.16672,0.059441,0.18582,0.0012354,0.050095,0.026264,0.023701,0.054129,0.12864,0.020249,0.31452,0.058294,0.021861,0.10231,0.041976,0.028581,0.17191,0.03157,0.15458,0.053396,0,0.016446,0.19475,0.11871,0.11661,0.05604,0.13818,0.09184,0.078838,0.011914,0.11587,0.03986,0.017647,0.095193,0.099404,0.15883,0.017981,0.065933,0.045173,0.0058491,0.10873,0.0012351,0.073931,0.091961,0.10398,0.093619,0.098354,0.011932,0.011533,0.015515,0.028423,0.05514,0.10401,0.25964,0.048642,0.034786,0.22326,0.06683,0.060742,0.021062,0.0070374,0.052649,0.048667,0.14107,0.017306,0.022937,0.051766,0.14541,0.0075017,0.090464,0.013928,0.013948,0.10302,0.090796,0.097903,0.027432,0.025657,0.080517,0.075142,0.020955,0.11091,0.21475,0.049568,0.21168,0.0063933,0.15199,0.10282,0.03785,0.094488,0.057072,0.14675,0.077966,0.14038,0.05795,0.0066373,0.075055,0.051738
0.031986,0.051265,0.1909,0.061357,0.052216,0.087155,0.079066,0.082714,0.05937,0.054125,0.01356,0.043179,0.038952,0.021447,0.044104,0.09603,0.041599,0.019377,0.20123,0.013592,0.10893,0.00065617,0.046527,0.016446,0,0.053304,0.11014,0.10674,0.099521,0.078217,0.062959,0.0096327,0.13181,0.042058,0.092677,0.071673,0.00011916,0.031065,0.023719,0.1373,0.053554,0.070011,0.1086,0.045011,0.080108,0.096967,0.098244,0.039606,0.064253,0.22686,0.21016,0.1107,0.098512,0.073508,0.11891,0.041582,0.014645,0.23392,0.19671,0.060917,0.17102,0.032064,0.038559,0.064697,0.051117,0.17561,0.051924,0.1247,0.18782,0.032457,0.12884,0.17698,0.028716,0.096447,0.092699,0.038182,0.21114,0.097368,0.091938,0.046205,0.084584,0.19388,0.20759,0.070241,0.1196,0.051533,0.16294,0.10787,0.07209,0.14846,0.028259,0.1657,0.0089264,0.021136,0.053012,0.0053148,0.16776,0.090584,0.060326,0.097949
0.047644,0.13737,0.00237,0.058409,0.16659,0.006644,0.064899,0.055803,0.023758,0.16851,0.046396,0.085671,0.11129,0.14635,0.087669,0.015296,0.019741,0.17163,0.0099676,0.043008,0.029544,0.066851,0.046926,0.19475,0.053304,0,0.083943,0.011289,0.084423,0.083057,0.21966,0.0075076,0.21804,0.0075669,0.021156,0.072289,0.036761,0.042101,0.18443,0.08405,0.048854,0.0076339,0.19161,0.12009,0.062712,0.11252,0.13918,0.015918,0.049484,0.19774,0.032876,0.057034,0.2015,0.072976,0.10823,0.20135,0.14347,0.041017,0.036142,0.050653,0.046034,0.12643,0.028662,0.053894,0.059417,0.037011,0.30519,0.068975,0.044583,0.029103,0.013846,0.068249,0.23277,0.11986,0.067524,0.16096,0.093872,0.011208,0.014207,0.071701,0.22454,0.011169,0.066204,0.13576,0.053486,0.04445,0.026438,0.057124,0.073067,0.074264,0.018246,0.0042019,0.028859,0.06892,0.049692,0.029725,0.055624,0.085937,0.044843,0.119
0.19843,0.12028,0.022223,0.1083,0.084886,0.16467,0.14854,0.255,0.10171,0.13788,0.024701,0.13683,0.1101,0.0049017,0.048196,0.069683,0.01231,0.030724,0.097334,0.039817,0.05549,0.15533,0.045078,0.11871,0.11014,0.083943,0,0.050186,0.14884,0.014599,0.12169,0.10216,0.052504,0.032132,0.049419,0.0096789,0.11886,0.049048,0.059946,0.012864,0.094212,0.052945,0.020299,0.18116,0.0018331,0.087709,0.13845,0.065256,0.060187,0.073588,0.016815,0.11024,0.040566,0.29579,0.035412,0.060965,0.011879,0.047581,0.070461,0.054017,0.022765,0.1242,0.12213,0.033385,0.15478,0.07577,0.069203,0.032218,0.053461,0.12618,0.08452,0.2873,0.26715,0.12622,0.018997,0.1801,0.0043629,0.13114,0.049108,0.13463,0.26598,0.054998,0.02385,0.10497,0.073018,0.097861,0.13937,0.068389,0.058891,0.10657,0.11601,0.10327,0.013836,0.016013,0.050014,0.051407,0.099566,0.15646,0.11046,0.10861
0.018676,0.12517,0.052933,0.097986,0.21038,0.088121,0.052213,0.069435,0.043535,0.0013793,0.0088921,0.029881,0.04574,0.054667,0.00076063,0.043255,0.011716,0.17819,0.066956,0.13916,0.037242,0.020444,0.037204,0.11661,0.10674,0.011289,0.050186,0,0.023082,0.091629,0.09281,0.091071,0.12511,0.085937,0.011189,0.10344,0.035784,0.023784,0.098427,0.061798,0.10303,0.22983,0.18181,0.054113,0.17226,0.19014,0.098121,0.12281,0.048863,0.068954,0.064272,0.081237,0.0046128,0.034779,0.058416,0.017354,0.167,0.059259,0.17217,0.056372,0.084603,0.20175,0.14874,0.055939,0.13285,0.048126,0.19787,0.00091302,0.0086917,0.20928,0.16569,0.058343,0.039929,0.028857,0.016445,0.16269,0.083096,0.0064725,0.10466,0.047724,0.019011,0.080354,0.067805,0.038971,0.17249,0.066295,0.09223,0.15333,0.05136,0.030593,0.088683,0.033199,0.056911,0.042368,0.082417,0.078186,0.12331,0.00069315,0.2295,0.030468
0.052799,0.18225,0.033562,0.011086,0.065523,0.083621,0.15895,0.072546,0.11343,0.0033892,0.023561,0.16507,0.0074807,0.13158,0.10292,0.042304,0.084839,0.10323,0.02252,0.092886,0.056187,0.047185,0.13641,0.05604,0.099521,0.084423,0.14884,0.023082,0,0.076879,0.31123,0.056129,0.020267,0.23155,0.26286,0.046803,0.11403,0.020971,0.076589,0.10517,0.036711,0.18787,0.055339,0.046041,0.0092982,0.043845,0.15021,0.068381,0.039748,0.01395,0.058483,0.061049,0.1753,0.11766,0.027448,0.0060694,0.047511,0.012739,0.1501,0.019476,0.059558,0.12793,0.1339,0.12813,0.013549,0.10917,0.071484,0.011191,0.17729,0.1805,0.01367,0.045052,0.066035,0.045859,0.028257,0.091271,0.21553,0.056168,0.11837,0.025347,0.036903,0.022213,0.1057,0.15551,0.072621,0.10301,0.075883,0.03148,0.029617,0.26063,0.11839,0.045972,0.18945,0.1541,0.13897,0.0094976,0.037048,0.053166,0.117,0.065905
0.064287,0.11877,0.17026,0.077451,0.025871,0.075371,0.05728,0.028112,0.14338,0.11623,0.04823,0.17362,0.061979,0.10031,0.066472,0.061337,0.026964,0.065992,0.031992,0.014319,0.043245,0.032119,0.033645,0.13818,0.078217,0.083057,0.014599,0.091629,0.076879,0,0.0363,0.050681,0.025993,0.10426,0.097411,0.099257,0.026522,0.095081,0.015321,0.027538,0.0023024,0.12594,0.065672,0.050888,0.11111,0.0045744,0.094809,0.01571,0.06588,0.061101,0.10371,0.040998,0.026636,0.10698,0.068677,0.017756,0.11556,0.062619,0.12825,0.015034,0.1399,0.019155,0.15803,0.0025149,0.028828,0.10711,0.12541,0.13266,0.14465,0.19861,0.037538,0.082922,0.078095,0.01035,0.010664,0.094028,0.03915,0.13942,0.0040602,0.18587,0.019112,0.1222,0.24629,0.1157,0.061128,0.12212,0.038337,0.041408,0.019548,0.016818,0.014033,0.094936,0.00066365,0.015087,0.16908,0.075656,0.054241,0.10748,0.0041669,0.087175
0.076637,0.068101,0.032032,0.098987,0.0068219,0.10314,0.17301,0.092934,0.013817,0.046327,0.010975,0.10519,0.039645,0.066765,0.081364,0.19121,0.13159,0.0075166,0.25628,0.13534,0.01908,0.091116,0.054769,0.09184,0.062959,0.21966,0.12169,0.09281,0.31123,0.0363,0,0.12016,0.012033,0.26053,0.004677,0.12549,0.07025,0.03801,0.026562,0.030791,0.049347,0.038959,0.036384,0.11699,0.035964,0.084781,0.11034,0.027345,0.21724,0.0067433,0.06181,0.003062,0.056552,0.027205,0.026,0.036397,0.0484,0.0044159,0.020063,0.16986,0.15763,0.09135,0.030689,0.11133,0.01643,0.036032,0.077859,0.044151,0.053818,0.0063722,0.06517,0.12144,0.030419,0.11655,0.081654,0.086961,0.032314,0.056275,0.19405,0.080061,0.14896,0.19328,0.11018,0.11925,0.071717,0.12018,0.0078667,0.04165,0.064878,0.024659,0.0155,0.042442,0.17804,0.052419,0.14004,0.05576,0.059704,0.049971,0.11607,0.14988
0.020563,0.096083,0.052571,0.082808,0.016598,0.029483,0.00071707,0.066689,0.082361,0.025009,0.083812,0.06728,0.012081,0.079628,0.086621,0.099366,0.078807,0.0092566,0.031921,0.11964,0.010845,0.083456,0.22472,0.078838,0.0096327,0.0075076,0.10216,0.091071,0.056129,0.050681,0.12016,0,0.10828,0.27911,0.22236,0.061959,0.2335,0.12987,0.0051009,0.03979,0.2539,0.11083,0.046477,0.022763,0.016463,0.044946,0.029204,0.078384,0.041979,0.10135,0.071462,0.070579,0.019802,0.10457,0.055014,0.042206,0.050987,0.1099,0.067582,0.18873,0.02002,0.029064,0.057189,0.17358,0.17642,0.017045,0.01107,0.11211,0.090714,0.095593,0.060669,0.25373,0.12612,0.0031566,0.0024164,0.0067522,0.13989,0.07934,0.043695,0.14277,0.14494,0.0696,0.26185,0.063772,0.19174,0.047256,0.1429,0.057658,0.30108,0.067964,0.0563,0.10814,0.056174,0.21889,0.093779,0.044689,0.079853,0.01173,0.037224,0.030144
0.14637,0.1258,0.050736,0.21915,0.22261,0.050657,0.12813,0.055484,0.028414,0.067312,0.025387,0.16736,0.098388,0.045809,0.014468,0.34188,0.094933,0.17248,0.044676,0.021884,0.18244,0.0046518,0.00090664,0.011914,0.13181,0.21804,0.052504,0.12511,0.020267,0.025993,0.012033,0.10828,0,0.032802,0.10144,0.0096508,0.018904,0.0868,0.022676,0.013654,0.041504,0.019452,0.08457,0.016754,0.060604,0.10408,0.14109,0.15879,0.13236,0.13735,0.016117,0.010481,0.01903,0.040806,0.018651,0.13131,0.07361,0.17765,0.064115,0.10474,0.0066031,0.0061805,0.14383,0.0007747,0.03061,0.091222,0.044799,0.1457,0.066147,0.025824,0.18623,0.00029141,0.14387,0.057857,0.10064,0.090792,0.0022626,0.13874,0.10955,0.087247,0.011907,0.23864,0.089137,0.16126,0.034965,0.07214,0.0032077,0.06977,0.02153,0.082311,0.036061,0.10356,0.14142,0.14607,0.0017704,0.085198,0.0015913,0.0056131,0.040064,0.093943
0.084191,0.046023,0.12029,0.08093,0.17936,0.011318,0.047426,0.0032122,0.0081309,0.079062,0.11561,0.089331,0.072014,0.058728,0.12363,0.014093,0.16251,0.13032,0.041581,0.081908,0.077057,0.22478,0.026342,0.11587,0.042058,0.0075669,0.032132,0.085937,0.23155,0.10426,0.26053,0.27911,0.032802,0,0.081642,0.15725,0.18554,0.12708,0.070429,0.006112,0.00081935,0.069748,0.087383,0.14319,0.037257,0.19694,0.070289,0.14651,0.14344,0.052999,0.062932,0.02435,0.18535,0.061123,0.11277,0.17007,0.038415,0.1195,0.11741,0.036937,0.05797,0.066224,0.034847,0.067949,0.028649,0.034566,0.12262,0.0010901,0.15132,0.26583,0.044566,0.087762,0.01553,0.11135,0.0010014,0.063916,0.04866,0.055172,0.28285,0.15101,0.22407,0.028936,0.051157,0.082471,0.011231,0.026341,0.16316,0.018239,0.24332,0.21047,0.093789,0.039167,0.086955,0.15358,0.045108,0.23125,0.14736,0.075401,0.14545,0.020873
0.079718,0.087029,0.13276,0.059342,0.10987,0.0096936,0.032367,0.10828,0.044748,0.031286,0.10795,0.1184,0.047757,0.074301,0.0096996,0.0025299,0.093896,0.055655,0.22575,0.079335,0.04246,0.036368,0.16884,0.03986,0.092677,0.021156,0.049419,0.011189,0.26286,0.097411,0.004677,0.22236,0.10144,0.081642,0,0.08438,0.10224,0.071421,0.16887,0.085184,0.0387,0.0085314,0.054425,0.084289,0.2203,0.12054,0.030877,0.042934,0.12997,0.028313,0.17203,0.0013115,0.1686,0.11209,0.051306,7.9766e-05,0.008923,0.043988,0.059402,0.064227,0.11318,0.087359,0.10641,0.093764,0.037945,0.0012356,0.17525,0.021866,0.037468,0.036073,0.17343,0.038626,0.024172,0.0043331,0.115,0.10271,0.036991,0.28943,0.056119,0.094827,0.078054,0.021896,0.22052,0.06937,0.10818,0.069342,0.0050477,0.041765,0.039924,0.0046343,0.080006,0.17728,0.0502,0.12187,0.035032,0.032862,0.055693,0.082905,0.26505,0.0029335
0.027494,0.12134,0.0011777,0.13005,0.088095,0.032641,0.044404,0.030742,0.30852,0.066534,0.065057,0.20305,0.06788,0.23549,0.01158,0.12762,0.18341,0.08896,0.0048568,0.092247,0.043152,0.047719,0.07453,0.017647,0.071673,0.072289,0.0096789,0.10344,0.046803,0.099257,0.12549,0.061959,0.0096508,0.15725,0.08438,0,0.18545,0.16405,0.015356,0.18393,0.038686,0.23459,0.033959,0.026835,0.1026,0.17504,0.057222,0.19285,0.12673,0.064288,0.054194,0.13877,0.043225,0.072916,0.063841,0.047704,0.023593,0.10192,0.1,0.020046,0.3185,0.032521,0.019505,0.021356,0.15343,0.11873,0.12674,0.15839,0.087102,0.083158,0.15065,0.01266,0.047731,0.079298,0.015839,0.11449,0.1063,0.012039,0.015494,0.018733,0.007534,0.030854,0.053545,0.067042,0.01259,0.17581,0.073706,0.29489,0.038516,0.016667,0.080981,0.038311,0.067727,0.20284,0.036485,0.087098,0.033692,0.016253,0.093031,0.0061092
0.24278,0.082903,0.042566,0.073727,0.069032,0.19384,0.027357,0.026001,0.0003803,0.014525,0.060068,0.036142,0.052153,0.011403,0.23801,0.020905,0.09252,0.0047732,0.032867,0.1334,0.035201,0.022141,0.053093,0.095193,0.00011916,0.036761,0.11886,0.035784,0.11403,0.026522,0.07025,0.2335,0.018904,0.18554,0.10224,0.18545,0,0.13165,0.088664,0.0018699,0.18339,0.21886,0.053161,0.01344,0.016961,0.0094841,0.087749,0.049037,0.14381,0.10492,0.030968,0.18106,0.06618,0.070534,0.027957,0.1704,0.00093794,0.03414,0.031355,0.24913,0.082863,0.039691,0.072028,0.12309,0.040227,0.053998,0.059811,0.15059,0.034428,0.050692,0.10532,0.077685,0.12414,0.14696,0.17733,0.036935,0.11857,0.11315,0.054878,0.15462,0.0015705,0.022985,0.019434,0.00020346,0.085086,0.23841,0.021847,0.025009,0.058089,0.013598,0.1367,0.11839,0.2075,0.25104,0.14708,0.219,0.051274,0.033811,0.023438,0.0452
0.10085,0.086027,0.088849,0.063551,0.0045422,0.048136,0.095986,0.016626,0.03048,0.00052252,0.13693,0.042076,0.18502,0.011149,0.057351,0.035913,0.01821,0.0056567,0.14982,0.029487,0.057056,0.013723,0.062333,0.099404,0.031065,0.042101,0.049048,0.023784,0.020971,0.095081,0.03801,0.12987,0.0868,0.12708,0.071421,0.16405,0.13165,0,0.051019,0.061724,0.1653,0.096185,0.0090144,0.099174,0.0072654,0.047452,0.2362,0.13672,0.02062,0.067589,0.019799,0.11763,0.15525,0.055215,0.053422,0.028952,0.19551,0.052155,0.04327,0.024153,0.083426,0.14139,0.081245,0.05212,0.072918,0.04981,0.11141,0.010403,0.024599,0.017744,0.04936,0.010242,0.090131,0.048473,0.15236,0.2457,0.056142,0.24484,0.027714,0.063014,0.10007,0.22099,0.098507,0.010213,0.12498,0.06894,0.19339,0.22461,0.053526,0.010535,0.087005,0.025505,0.049562,0.12732,0.076533,0.068159,0.027333,0.044577,0.068703,0.13324
0.055035,0.11311,0.065896,0.17103,0.13029,0.10427,0.066533,0.15497,0.11932,0.0199,0.069032,0.11771,0.097878,0.049108,0.027296,0.02567,0.13326,0.049062,0.01784,0.19513,0.067047,0.00024793,0.1071,0.15883,0.023719,0.18443,0.059946,0.098427,0.076589,0.015321,0.026562,0.0051009,0.022676,0.070429,0.16887,0.015356,0.088664,0.051019,0,0.19872,0.08648,0.001134,0.060653,0.11434,0.004232,0.10208,0.097936,0.026907,0.10804,0.028849,0.062845,0.1379,0.040396,0.033745,0.0043262,0.075509,0.048689,0.19348,0.0031945,0.075247,0.00086101,0.091211,0.021092,0.20917,0.053938,0.042976,0.15225,0.052725,0.097085,0.09353,0.011285,0.092182,0.2077,0.11429,0.1391,0.1528,0.22613,0.0077809,0.22118,0.025951,0.068635,0.022688,0.064719,0.08938,0.027299,0.04127,0.14107,0.16823,0.026571,0.062824,0.20789,0.064134,0.0063323,0.10464,0.10276,0.10692,0.021842,0.03614,0.059241,0.086296
0.032861,0.21829,0.16084,0.009707,0.074678,0.13873,0.076418,0.040532,0.058517,0.074811,0.068753,0.093309,0.0029199,0.061756,0.21751,0.052986,0.10874,0.036038,0.093559,0.041042,0.070053,0.016727,0.062031,0.017981,0.1373,0.08405,0.012864,0.061798,0.10517,0.027538,0.030791,0.03979,0.013654,0.006112,0.085184,0.18393,0.0018699,0.061724,0.19872,0,0.019611,0.15211,0.067862,0.25977,0.24395,0.2664,0.019206,0.064664,0.023588,0.16706,0.070903,0.010613,0.021378,0.13456,0.030155,0.12453,0.026413,0.097749,0.015867,0.0075586,0.13412,0.095516,0.23143,0.00357,0.15338,0.043335,0.19282,0.047258,0.0062917,0.094607,0.094753,0.05287,0.059203,0.18285,0.0054876,0.036626,0.11332,0.027044,0.051183,0.040006,0.085309,0.00065209,0.09435,0.011925,0.098087,0.119,0.087833,0.014035,0.10345,0.054077,0.042377,0.00096614,0.14468,0.16426,0.097677,0.16236,0.0247,0.029165,0.18698,0.23543
0.10251,0.10144,0.017632,0.0033705,0.059417,0.045766,0.15276,0.0039332,0.03075,0.12318,0.1307,0.0076371,0.1987,0.15656,0.077498,0.10844,0.043888,0.20041,0.058464,0.0057361,0.035395,0.033329,0.12946,0.065933,0.053554,0.048854,0.094212,0.10303,0.036711,0.0023024,0.049347,0.2539,0.041504,0.00081935,0.0387,0.038686,0.18339,0.1653,0.08648,0.019611,0,0.16786,0.11006,0.11984,0.0020478,0.072456,0.0012615,0.090452,0.041443,0.16555,0.13296,0.020433,0.02475,0.052119,0.072362,0.031295,0.04064,0.13032,0.047242,0.064907,0.0010117,0.064205,0.070095,0.029171,0.082361,0.071593,0.086821,0.086863,0.012349,0.041655,0.025351,0.064768,0.0050558,0.024798,0.058978,0.019712,0.18737,0.086137,0.071676,0.083697,0.093466,0.047774,0.035096,0.1489,0.17008,0.11184,0.070947,0.00099991,0.015848,0.099724,0.045304,0.12818,0.27424,0.017965,0.015722,0.057742,0.041303,0.029222,0.052706,0.034389
0.011929,0.08309,0.27361,0.022485,0.18708,0.042575,0.13707,0.19245,0.032041,0.11642,0.015177,0.024416,0.088269,0.069642,0.050322,0.021028,0.040742,0.063353,0.07049,0.11173,0.11438,0.027206,0.1031,0.045173,0.070011,0.0076339,0.052945,0.22983,0.18787,0.12594,0.038959,0.11083,0.019452,0.069748,0.0085314,0.23459,0.21886,0.096185,0.001134,0.15211,0.16786,0,0.055046,0.066021,0.11839,0.042828,0.045951,0.0092919,0.036668,0.15056,0.063906,0.02069,0.006452,0.04536,0.045948,0.10213,0.17058,0.076114,0.012166,0.045696,0.14432,0.014576,0.1099,0.028261,0.060759,0.031668,0.088598,0.060042,0.058838,0.0069293,0.050133,0.072931,0.077843,0.15769,0.23796,0.011825,0.0052055,0.1232,0.0722,0.12615,0.10459,0.14761,0.13912,0.13785,0.011063,0.082038,0.1184,0.13898,0.1034,0.14186,0.055558,0.038911,0.12945,0.023189,0.046402,0.39637,0.08377,0.091443,0.039649,0.058175
0.023206,0.058793,0.11571,0.039332,0.025941,0.027049,0.20737,0.091329,0.12561,0.0070369,0.039274,0.049133,0.011026,0.001831,0.17402,0.014334,0.16495,0.0054762,0.063888,0.1079,0.0059999,0.11202,0.082199,0.0058491,0.1086,0.19161,0.020299,0.18181,0.055339,0.065672,0.036384,0.046477,0.08457,0.087383,0.054425,0.033959,0.053161,0.0090144,0.060653,0.067862,0.11006,0.055046,0,0.2602,0.1956,0.072103,0.008546,0.22091,0.072508,0.020855,0.15506,0.070012,0.20306,0.35382,0.1977,0.073914,0.091791,0.038311,0.2472,0.07966,0.067103,0.012811,0.10575,0.12078,0.083546,0.060877,0.23778,0.12024,0.099448,0.1667,0.02287,0.06741,0.18784,0.077828,0.081022,0.052961,0.00079205,0.21731,0.015891,0.1322,0.10959,0.090141,0.043185,0.022189,0.053644,0.085369,0.00034148,0.021034,0.19279,0.30166,0.049616,0.037108,0.13095,0.070485,0.089436,0.20211,0.10604,0.096794,0.032827,0.012209
0.15822,0.14368,0.10756,0.10293,0.018223,0.050459,0.088939,0.042243,0.049326,0.093998,0.0072984,0.18877,0.083969,0.017044,0.074838,0.12309,0.040707,0.037907,0.0040802,0.040314,0.146,0.12526,0.12825,0.10873,0.045011,0.12009,0.18116,0.054113,0.046041,0.050888,0.11699,0.022763,0.016754,0.14319,0.084289,0.026835,0.01344,0.099174,0.11434,0.25977,0.11984,0.066021,0.2602,0,0.14014,0.0048189,0.020288,0.04594,0.10104,0.067546,0.13753,0.31348,0.10992,0.12786,0.15732,0.0058547,0.030954,0.038831,0.028628,0.020923,0.057964,0.032594,0.14032,0.11964,0.031834,0.00053705,0.049429,0.04504,0.060157,0.079457,0.031458,0.092839,0.035637,0.29569,0.2121,0.15201,0.051514,0.0099162,0.01682,0.053589,0.0087395,0.21881,0.17197,0.074094,0.050253,0.026855,0.076904,0.055871,0.036263,0.035221,0.13337,0.15544,0.093148,0.051999,0.1269,0.10733,0.030361,0.013709,0.022666,0.23387
0.034069,0.067702,0.019378,0.15381,0.0061083,0.32518,0.0040115,0.094664,0.078328,0.079596,0.13293,0.076185,0.067274,0.1207,0.0002647,0.12709,0.0073521,0.097161,0.17095,0.089404,0.15157,0.079767,0.060198,0.0012351,0.080108,0.062712,0.0018331,0.17226,0.0092982,0.11111,0.035964,0.016463,0.060604,0.037257,0.2203,0.1026,0.016961,0.0072654,0.004232,0.24395,0.0020478,0.11839,0.1956,0.14014,0,0.042257,0.073835,0.050781,0.084426,0.13017,0.1491,0.024029,0.23766,0.036813,0.20863,0.09765,0.083885,0.024009,0.085211,0.043044,0.22698,0.33066,0.21096,0.0024623,0.056435,0.0080665,0.038834,0.14651,0.047779,0.045199,0.072797,0.10325,0.044471,0.018933,0.21632,0.16946,0.12036,0.029542,0.041024,0.046561,0.0048566,0.069029,0.013355,0.11783,0.097176,0.085215,0.02317,0.16466,0.066167,0.17463,0.1405,0.16189,0.055563,0.027704,0.051681,0.064099,0.0086809,0.0032673,0.18322,0.038017
0.0090799,0.019223,0.15357,0.10172,0.03353,0.041095,0.27358,0.013144,0.17016,0.1038,0.013613,0.24999,0.064796,0.22262,0.21214,0.037544,0.13729,0.031242,0.23127,0.064641,0.28627,0.17763,0.005751,0.073931,0.096967,0.11252,0.087709,0.19014,0.043845,0.0045744,0.084781,0.044946,0.10408,0.19694,0.12054,0.17504,0.0094841,0.047452,0.10208,0.2664,0.072456,0.042828,0.072103,0.0048189,0.042257,0,0.070686,0.06141,0.05805,0.21261,0.048451,0.12988,0.28938,0.099178,0.050151,0.1586,0.006367,0.04053,0.18096,0.056833,0.12738,0.043079,0.21178,0.1547,0.066629,0.1896,0.065276,0.073665,0.053528,0.068637,0.051857,0.076928,0.06522,0.017017,0.065594,0.11396,0.037403,0.075881,0.13894,0.13847,0.15384,0.21133,0.049659,0.0081707,0.028874,0.009678,0.080549,0.0034168,0.11495,0.027412,0.14953,0.041075,0.20349,0.031094,0.1431,0.012407,0.10301,0.029055,0.082712,0.12279
0.033395,0.03552,0.19135,0.088578,0.1453,0.010307,0.036691,0.018124,0.007618,0.12002,0.054854,0.066613,0.018115,0.022841,0.0009848,0.080015,0.015912,0.26389,0.073558,0.040884,0.11298,0.01203,0.25426,0.091961,0.098244,0.13918,0.13845,0.098121,0.15021,0.094809,0.11034,0.029204,0.14109,0.070289,0.030877,0.057222,0.087749,0.2362,0.097936,0.019206,0.0012615,0.045951,0.008546,0.020288,0.073835,0.070686,0,0.0030818,0.12971,0.13717,0.044344,0.022583,0.084159,0.035129,0.11474,0.14353,0.18484,0.08611,0.07495,0.035016,0.14022,0.19226,0.11946,0.073702,0.15671,0.083461,0.083207,0.092081,0.026046,0.069666,0.021044,0.06958,0.10152,0.0025417,0.026301,0.015122,0.073856,0.13839,0.11788,0.099986,0.20749,0.085677,0.062925,0.065774,0.15156,0.022636,0.033899,0.10675,0.066245,0.010832,0.1784,0.044741,0.041734,0.05752,0.085481,0.044656,0.054622,0.066974,0.089855,0.020398
0.13452,0.055917,0.13721,0.2061,0.014021,0.079944,0.0054141,0.15115,0.057302,0.10104,0.076939,0.061095,0.1163,0.15408,0.17057,0.0049891,0.23477,0.057464,0.079934,0.15534,0.099617,0.012018,0.19957,0.10398,0.039606,0.015918,0.065256,0.12281,0.068381,0.01571,0.027345,0.078384,0.15879,0.14651,0.042934,0.19285,0.049037,0.13672,0.026907,0.064664,0.090452,0.0092919,0.22091,0.04594,0.050781,0.06141,0.0030818,0,0.03104,0.0057449,0.015337,0.049788,0.023588,0.13906,0.014044,0.1705,0.12458,0.059436,0.017262,0.056166,0.10563,0.067763,0.031949,0.16346,0.13788,0.13612,0.0046806,0.12171,0.12624,0.027606,0.0095461,0.074032,0.0089287,0.050678,0.03018,0.12152,0.002457,0.13586,0.025047,0.14875,0.03605,0.010757,0.063365,0.10501,0.23114,0.13056,0.044887,0.0058614,0.14835,0.036282,0.044978,0.079112,0.040788,0.2055,0.24598,0.049979,0.18149,0.0096565,0.042557,0.0001268
0.075992,0.065417,0.080994,0.03536,0.12789,0.092098,0.020457,0.014195,0.018546,0.1222,0.12119,0.034352,0.10765,0.10725,0.0015931,0.10162,0.069646,0.18524,0.085623,0.084477,0.064208,0.10906,0.12592,0.093619,0.064253,0.049484,0.060187,0.048863,0.039748,0.06588,0.21724,0.041979,0.13236,0.14344,0.12997,0.12673,0.14381,0.02062,0.10804,0.023588,0.041443,0.036668,0.072508,0.10104,0.084426,0.05805,0.12971,0.03104,0,0.13922,0.11967,0.001424,0.00060025,0.042092,0.10677,0.082525,0.20675,0.016317,0.12873,0.12695,0.19446,0.11366,0.050805,0.12715,0.16773,0.037176,0.14252,0.030968,0.040654,0.16096,0.025146,0.017703,0.12728,0.030152,0.046246,0.0032767,0.077987,0.065618,0.0030196,0.041509,0.040649,0.026778,0.088777,0.12495,0.25821,0.098037,0.07916,0.39882,0.039767,0.05499,0.002402,0.00097977,0.021117,0.14116,0.14577,0.06633,0.0050685,0.037827,0.097395,0.1957
0.0088133,0.096792,0.11243,0.086501,0.038945,0.030013,0.0077942,0.21569,0.022352,0.15124,0.067574,0.021105,0.023844,0.018472,0.11147,0.28583,0.065373,0.25059,0.022927,0.1275,0.031957,0.096055,0.097781,0.098354,0.22686,0.19774,0.073588,0.068954,0.01395,0.061101,0.0067433,0.10135,0.13735,0.052999,0.028313,0.064288,0.10492,0.067589,0.028849,0.16706,0.16555,0.15056,0.020855,0.067546,0.13017,0.21261,0.13717,0.0057449,0.13922,0,0.053434,0.036287,0.017862,0.18636,0.08072,0.047524,0.047817,0.12033,0.045017,0.035552,0.10343,0.0051527,0.14253,0.1261,0.1155,0.022119,0.033914,0.12654,0.017364,0.091445,0.16399,0.067331,0.053608,0.0052477,0.029851,0.012853,0.14276,0.16758,0.25706,0.031699,0.033173,0.081127,0.17171,0.050699,0.040849,0.006092,0.11836,0.057056,0.022377,0.004621,0.071205,0.066021,0.10841,0.16407,0.061864,0.073742,0.11292,0.059086,0.10547,0.15717
0.06461,0.021725,0.090098,0.091398,0.069971,0.0086094,0.07918,0.028188,0.017026,0.021718,0.099705,0.095307,0.035214,0.045192,0.03094,0.13073,0.18635,0.20888,0.12237,0.11951,0.017643,0.11093,0.14523,0.011932,0.21016,0.032876,0.016815,0.064272,0.058483,0.10371,0.06181,0.071462,0.016117,0.062932,0.17203,0.054194,0.030968,0.019799,0.062845,0.070903,0.13296,0.063906,0.15506,0.13753,0.1491,0.048451,0.044344,0.015337,0.11967,0.053434,0,0.010768,0.074938,0.15703,0.041137,0.016557,0.093201,0.010901,0.16166,0.084278,0.16293,0.13268,0.031194,0.023544,0.079003,0.0064412,0.074394,0.056862,0.04638,0.1526,0.10572,0.058284,0.0080134,0.19576,0.036378,0.13501,0.0077025,0.041094,0.0037864,0.017894,0.039118,0.17485,0.094828,0.074699,0.22306,0.010835,0.082314,0.12046,0.1319,0.088338,0.016504,0.095285,0.20631,0.025392,0.042723,0.028336,0.052473,0.099214,0.19993,0.020597
0.22105,0.021174,0.095454,0.13463,0.046642,0.17498,0.057912,0.030442,0.04645,0.18346,0.016205,0.062084,0.099617,0.088139,0.034713,0.20096,0.20531,0.10796,0.081054,0.0023423,0.074341,0.14269,0.20236,0.011533,0.1107,0.057034,0.11024,0.081237,0.061049,0.040998,0.003062,0.070579,0.010481,0.02435,0.0013115,0.13877,0.18106,0.11763,0.1379,0.010613,0.020433,0.02069,0.070012,0.31348,0.024029,0.12988,0.022583,0.049788,0.001424,0.036287,0.010768,0,0.15198,0.095982,0.084589,0.043728,0.13901,0.10176,0.15825,0.0062618,0.0015925,0.0013456,0.11932,0.016208,0.080406,0.039093,0.27644,0.20973,0.019982,0.058402,0.027432,0.019001,0.083156,0.1522,0.021059,0.16407,0.073401,0.046425,0.04645,0.13696,0.038521,0.048392,0.1828,0.065292,0.061994,0.0066681,0.054786,0.017836,0.0020064,0.011207,0.054297,0.020457,0.095577,0.03722,0.094172,0.023716,0.11379,0.0035898,0.071296,0.036198
0.10034,0.092322,0.18606,0.063218,0.010618,0.074376,0.16715,0.29024,0.038251,0.1454,0.046579,0.0018095,0.076353,0.062598,0.10671,0.10208,0.041813,0.027203,0.061218,0.070422,0.15285,0.049348,0.10603,0.015515,0.098512,0.2015,0.040566,0.0046128,0.1753,0.026636,0.056552,0.019802,0.01903,0.18535,0.1686,0.043225,0.06618,0.15525,0.040396,0.021378,0.02475,0.006452,0.20306,0.10992,0.23766,0.28938,0.084159,0.023588,0.00060025,0.017862,0.074938,0.15198,0,0.017282,0.0013301,0.15256,0.098086,0.11384,0.23221,0.04613,0.030299,0.15814,0.061875,0.050807,0.10983,0.015657,0.051997,0.020054,0.018119,0.23539,0.08769,0.039296,0.0088493,0.1247,0.20054,0.0084385,0.089802,0.12924,0.082511,0.22051,0.20574,0.014179,0.13747,0.074106,0.074415,0.055016,0.10329,0.030839,0.17795,0.063681,0.05692,0.077886,0.14598,0.031812,0.14219,0.050728,0.045514,0.10727,0.03001,0.018626
0.037933,0.013528,0.15224,0.033705,0.020855,0.011054,0.017694,0.045866,0.14789,0.037646,0.041588,0.14499,0.041685,0.035248,0.041745,0.052746,0.10191,0.014588,0.084369,0.12938,0.045607,0.087515,0.055406,0.028423,0.073508,0.072976,0.29579,0.034779,0.11766,0.10698,0.027205,0.10457,0.040806,0.061123,0.11209,0.072916,0.070534,0.055215,0.033745,0.13456,0.052119,0.04536,0.35382,0.12786,0.036813,0.099178,0.035129,0.13906,0.042092,0.18636,0.15703,0.095982,0.017282,0,0.07251,0.013656,0.079019,0.073107,0.050723,0.084579,0.016447,0.042397,0.085827,0.091981,0.17329,0.008113,0.019137,0.0016718,0.081733,0.0095006,0.025876,0.080698,0.19137,0.069928,0.021642,0.063069,0.10756,0.027928,0.24271,0.19806,0.017286,0.16723,0.040564,0.02064,0.0051628,0.055904,0.19396,0.10439,0.071495,0.023103,0.068439,0.051433,0.068072,0.071724,0.12462,0.09737,0.04394,0.036469,0.097227,0.0094363
0.051986,0.071946,0.054684,0.064534,0.034363,0.10671,0.089384,0.21052,0.13643,0.13631,0.019402,0.019367,0.18105,0.070519,0.20263,0.0011975,0.085204,0.013064,0.063641,0.030179,0.033145,0.024603,0.17441,0.05514,0.11891,0.10823,0.035412,0.058416,0.027448,0.068677,0.026,0.055014,0.018651,0.11277,0.051306,0.063841,0.027957,0.053422,0.0043262,0.030155,0.072362,0.045948,0.1977,0.15732,0.20863,0.050151,0.11474,0.014044,0.10677,0.08072,0.041137,0.084589,0.0013301,0.07251,0,0.019641,0.064155,0.17934,0.011283,0.072889,0.029486,0.083397,0.042083,0.012845,0.026304,0.28407,0.21605,0.15103,0.1779,0.017547,0.15759,0.072778,0.097052,0.011609,0.019832,0.043065,0.053704,0.10702,0.064602,0.05147,0.051309,0.096392,0.084516,0.077233,0.084678,0.0013919,0.18318,0.13268,0.11967,0.14142,0.071239,0.11346,0.0091492,0.13093,0.20466,0.057519,0.1747,0.011086,0.20418,0.023415
0.11475,0.020087,0.16306,0.024103,0.08372,0.026095,0.19582,0.27355,0.10111,0.099102,0.13113,0.017686,0.23706,0.16214,0.0038298,0.059745,0.048747,0.095134,0.091898,0.037181,0.041947,0.090663,0.12039,0.10401,0.041582,0.20135,0.060965,0.017354,0.0060694,0.017756,0.036397,0.042206,0.13131,0.17007,7.9766e-05,0.047704,0.1704,0.028952,0.075509,0.12453,0.031295,0.10213,0.073914,0.0058547,0.09765,0.1586,0.14353,0.1705,0.082525,0.047524,0.016557,0.043728,0.15256,0.013656,0.019641,0,0.13314,0.24589,0.011062,0.18773,0.016872,0.07022,0.04531,0.045106,0.11051,0.057957,0.036295,0.015027,0.049032,0.075026,0.12998,0.0096846,0.089262,0.12646,0.11774,0.081243,0.034205,0.015583,0.037152,0.049152,0.049803,0.037084,0.10789,0.12345,0.060459,0.035712,0.076047,0.13972,0.11558,0.089767,0.14178,0.054125,0.0018761,0.040291,0.25101,0.003281,0.017448,0.024463,0.13182,0.10175
0.00050483,0.0013165,0.094861,0.075986,0.066482,0.19849,0.1164,0.028171,0.027553,0.020549,0.084705,0.12378,0.10609,0.12,0.043785,0.32888,0.062688,0.11763,0.0067737,0.019855,0.0079063,0.018214,0.1053,0.25964,0.014645,0.14347,0.011879,0.167,0.047511,0.11556,0.0484,0.050987,0.07361,0.038415,0.008923,0.023593,0.00093794,0.19551,0.048689,0.026413,0.04064,0.17058,0.091791,0.030954,0.083885,0.006367,0.18484,0.12458,0.20675,0.047817,0.093201,0.13901,0.098086,0.079019,0.064155,0.13314,0,0.024194,0.056495,0.11141,0.096737,0.15057,0.18035,0.1522,0.076519,0.022001,0.081917,0.16149,0.061615,0.035443,0.080194,0.065722,0.014739,0.30951,0.28862,0.15686,0.087784,0.14457,0.09468,0.013423,0.18631,0.069789,0.25855,0.079325,0.1194,0.099692,0.0065058,0.0067408,0.023821,0.010138,0.068939,0.032068,0.051682,0.00024852,0.027383,0.10754,0.013739,0.072053,0.024169,0.107
0.047037,0.16887,0.02041,0.09925,0.046986,0.18084,0.094271,0.15755,0.00012583,0.090543,0.0041232,0.0044114,0.10121,0.028135,0.021076,0.11664,0.035186,0.031208,0.34526,0.18933,0.16228,0.18023,0.17984,0.048642,0.23392,0.041017,0.047581,0.059259,0.012739,0.062619,0.0044159,0.1099,0.17765,0.1195,0.043988,0.10192,0.03414,0.052155,0.19348,0.097749,0.13032,0.076114,0.038311,0.038831,0.024009,0.04053,0.08611,0.059436,0.016317,0.12033,0.010901,0.10176,0.11384,0.073107,0.17934,0.24589,0.024194,0,0.089181,0.19226,0.11321,0.099123,0.087085,0.2667,0.14994,0.065758,0.0879,0.14329,0.030347,0.017869,0.2736,0.16728,0.14668,0.02939,0.0067447,0.0093644,0.089348,0.050272,0.088787,0.18352,0.074705,0.099527,0.13736,0.066091,0.019509,0.0016014,0.17651,0.070587,0.044569,0.075544,0.013428,0.011319,0.01031,0.23187,0.081755,0.027636,0.036788,0.022692,0.10447,0.11292
0.011591,0.012856,0.14752,0.13655,0.006313,0.042022,0.085825,0.089514,0.15189,0.058182,0.19775,0.023267,0.022066,0.035913,0.029626,0.032358,0.099676,0.1124,0.0064558,0.009516,0.029097,0.050505,0.040819,0.034786,0.19671,0.036142,0.070461,0.17217,0.1501,0.12825,0.020063,0.067582,0.064115,0.11741,0.059402,0.1,0.031355,0.04327,0.0031945,0.015867,0.047242,0.012166,0.2472,0.028628,0.085211,0.18096,0.07495,0.017262,0.12873,0.045017,0.16166,0.15825,0.23221,0.050723,0.011283,0.011062,0.056495,0.089181,0,0.00080396,0.11425,0.017816,0.057679,0.12242,0.014285,0.048972,0.0080567,0.011906,0.078912,0.083912,0.10119,0.055341,0.01726,0.14315,0.0015475,0.021194,0.016549,0.15575,0.089748,0.029763,0.045245,0.083782,0.077786,0.0046778,0.031875,0.14722,0.038577,0.13654,0.072517,0.1144,0.11196,0.084284,0.10244,0.069579,0.00070664,0.15236,0.11493,0.11687,0.038535,0.11764
0.088911,0.061488,0.022318,0.026917,0.069643,0.026774,0.035929,0.089247,0.10655,0.053927,0.034578,0.038773,0.20587,0.068816,0.030166,0.089935,0.041408,0.068247,0.0069676,0.024134,0.11939,0.055825,0.10697,0.22326,0.060917,0.050653,0.054017,0.056372,0.019476,0.015034,0.16986,0.18873,0.10474,0.036937,0.064227,0.020046,0.24913,0.024153,0.075247,0.0075586,0.064907,0.045696,0.07966,0.020923,0.043044,0.056833,0.035016,0.056166,0.12695,0.035552,0.084278,0.0062618,0.04613,0.084579,0.072889,0.18773,0.11141,0.19226,0.00080396,0,0.11563,0.094867,0.080129,0.021117,0.12288,0.064844,0.095816,0.049955,0.058908,0.093483,0.22688,0.1639,0.27545,0.2046,0.14663,0.034688,0.22723,0.18568,0.068756,0.088564,0.0078436,0.017894,0.21116,0.12906,0.20215,0.0017117,0.055103,0.06017,0.10789,0.044508,0.092085,0.075666,0.05857,0.027065,0.12558,0.05539,0.037084,0.014871,0.096594,0.10278
0.053809,0.13164,0.15355,0.015887,0.056852,0.050549,0.10966,0.13174,0.001395,0.020768,0.032967,0.0024436,0.057335,0.13657,0.020265,0.1781,0.13438,0.10003,0.0015012,0.11601,0.089019,0.13155,0.038424,0.06683,0.17102,0.046034,0.022765,0.084603,0.059558,0.1399,0.15763,0.02002,0.0066031,0.05797,0.11318,0.3185,0.082863,0.083426,0.00086101,0.13412,0.0010117,0.14432,0.067103,0.057964,0.22698,0.12738,0.14022,0.10563,0.19446,0.10343,0.16293,0.0015925,0.030299,0.016447,0.029486,0.016872,0.096737,0.11321,0.11425,0.11563,0,0.0038317,0.096529,0.00031099,0.0014107,0.066272,0.088744,0.034531,0.099712,0.037448,0.067633,0.023312,0.078675,0.047086,0.064998,0.053156,0.048636,0.12318,0.099223,0.0939,0.13779,0.085418,0.0085567,0.007749,0.12504,0.090794,0.023955,0.14582,0.50006,0.082656,0.011471,0.10278,0.091902,0.16018,7.1983e-05,0.015657,0.078655,0.041145,0.030213,0.044567
0.25167,0.048151,0.069152,0.095105,0.15008,0.00083917,0.039123,0.070933,0.030525,0.023875,0.15435,0.12832,0.10271,0.18317,0.036627,0.071093,0.010408,0.13346,0.21779,0.037148,0.020281,0.042204,0.0020547,0.060742,0.032064,0.12643,0.1242,0.20175,0.12793,0.019155,0.09135,0.029064,0.0061805,0.066224,0.087359,0.032521,0.039691,0.14139,0.091211,0.095516,0.064205,0.014576,0.012811,0.032594,0.33066,0.043079,0.19226,0.067763,0.11366,0.0051527,0.13268,0.0013456,0.15814,0.042397,0.083397,0.07022,0.15057,0.099123,0.017816,0.094867,0.0038317,0,0.033465,0.018425,0.0097527,0.23911,0.07155,0.015753,0.07015,0.080509,0.083923,0.040724,0.052344,0.12706,0.047417,0.00020414,0.031582,0.045157,0.076246,0.033377,0.035149,0.0095095,0.12568,0.074199,0.10875,0.075907,0.15098,0.11704,0.018293,0.073429,0.026317,0.0055178,0.026917,0.030692,0.023201,0.19416,0.084656,0.082916,0.066903,0.048095
0.12229,0.1733,0.082469,0.025605,0.14794,0.060048,0.028265,0.014886,0.12674,0.021131,0.0045413,0.002731,0.0052699,0.065167,0.11875,0.066624,0.030397,0.12391,0.071835,0.0090594,0.11874,0.015319,0.14679,0.021062,0.038559,0.028662,0.12213,0.14874,0.1339,0.15803,0.030689,0.057189,0.14383,0.034847,0.10641,0.019505,0.072028,0.081245,0.021092,0.23143,0.070095,0.1099,0.10575,0.14032,0.21096,0.21178,0.11946,0.031949,0.050805,0.14253,0.031194,0.11932,0.061875,0.085827,0.042083,0.04531,0.18035,0.087085,0.057679,0.080129,0.096529,0.033465,0,0.065352,0.056071,0.11004,0.1641,0.1053,0.072708,0.10495,0.10258,0.26136,0.099684,0.033436,0.015151,0.18456,0.0030376,0.055169,0.079975,0.084732,0.054337,0.056085,0.16292,0.089159,0.2723,0.18065,0.10398,0.04188,0.13683,0.022451,0.20598,0.17318,0.034923,0.0056095,0.076314,0.16676,0.24689,0.099377,0.085329,0.028916
0.065694,0.087067,0.01711,0.083875,0.00079187,0.059133,0.063015,0.15862,0.10284,0.059213,0.015499,0.058903,0.060945,0.067949,0.047177,0.056758,0.063227,0.14848,0.1038,0.025205,0.14863,0.15023,0.13149,0.0070374,0.064697,0.053894,0.033385,0.055939,0.12813,0.0025149,0.11133,0.17358,0.0007747,0.067949,0.093764,0.021356,0.12309,0.05212,0.20917,0.00357,0.029171,0.028261,0.12078,0.11964,0.0024623,0.1547,0.073702,0.16346,0.12715,0.1261,0.023544,0.016208,0.050807,0.091981,0.012845,0.045106,0.1522,0.2667,0.12242,0.021117,0.00031099,0.018425,0.065352,0,0.079565,0.083868,0.055731,0.088253,0.012155,0.0086782,0.098177,0.05593,0.035127,0.010009,0.047489,0.10209,0.023785,0.020318,0.0070933,0.046347,0.04762,0.062405,0.15777,0.026536,0.10123,0.037024,0.0166,0.11477,0.01354,0.095511,0.11533,0.0013029,0.015616,0.20604,0.12678,0.033179,0.096012,0.026784,0.0064887,0.025217
0.10092,0.24984,0.036436,0.01223,0.031767,0.181,0.058684,0.16861,0.0016159,0.14768,0.10883,0.030584,0.087234,0.10183,0.035145,0.16228,0.10439,0.02673,0.001796,0.064505,0.041986,0.022795,0.22919,0.052649,0.051117,0.059417,0.15478,0.13285,0.013549,0.028828,0.01643,0.17642,0.03061,0.028649,0.037945,0.15343,0.040227,0.072918,0.053938,0.15338,0.082361,0.060759,0.083546,0.031834,0.056435,0.066629,0.15671,0.13788,0.16773,0.1155,0.079003,0.080406,0.10983,0.17329,0.026304,0.11051,0.076519,0.14994,0.014285,0.12288,0.0014107,0.0097527,0.056071,0.079565,0,0.052557,0.13196,0.068928,0.0095831,0.040123,0.13067,0.34444,0.027626,0.092963,0.30753,0.22217,0.010602,0.016887,0.047284,0.11266,0.011594,0.0031724,0.072523,0.14765,0.021179,0.060914,0.048357,0.13982,0.050693,0.070279,0.023068,0.033599,0.038359,0.063158,0.16955,0.026381,0.018629,0.1314,0.15689,0.15662
0.16175,0.14231,0.10235,0.048275,0.14579,0.023018,0.1963,0.043545,0.046451,0.067615,0.0060819,0.27807,0.065077,0.10456,0.066843,0.02888,0.015127,0.025182,0.099404,0.10865,0.016003,0.14242,0.074461,0.048667,0.17561,0.037011,0.07577,0.048126,0.10917,0.10711,0.036032,0.017045,0.091222,0.034566,0.0012356,0.11873,0.053998,0.04981,0.042976,0.043335,0.071593,0.031668,0.060877,0.00053705,0.0080665,0.1896,0.083461,0.13612,0.037176,0.022119,0.0064412,0.039093,0.015657,0.008113,0.28407,0.057957,0.022001,0.065758,0.048972,0.064844,0.066272,0.23911,0.11004,0.083868,0.052557,0,0.18702,0.10439,0.14239,0.021084,0.24085,0.074949,0.012856,0.013506,0.046756,0.017588,0.044493,0.11358,0.24318,0.073464,0.03764,0.043268,0.0054897,0.049102,0.023639,0.0045948,0.099809,0.057023,0.11985,0.0081194,0.047296,0.088553,0.037603,0.080703,0.055892,0.14776,0.1708,0.074398,0.08808,0.070287
0.24436,0.011277,0.036346,0.074762,0.010278,0.09448,0.0083086,0.059711,0.051825,0.0047613,0.040098,0.084833,0.17526,0.1412,0.1267,0.014948,0.11234,0.0097997,0.055787,0.040906,0.038935,0.084442,0.14213,0.14107,0.051924,0.30519,0.069203,0.19787,0.071484,0.12541,0.077859,0.01107,0.044799,0.12262,0.17525,0.12674,0.059811,0.11141,0.15225,0.19282,0.086821,0.088598,0.23778,0.049429,0.038834,0.065276,0.083207,0.0046806,0.14252,0.033914,0.074394,0.27644,0.051997,0.019137,0.21605,0.036295,0.081917,0.0879,0.0080567,0.095816,0.088744,0.07155,0.1641,0.055731,0.13196,0.18702,0,0.077219,0.068131,0.19728,0.10622,0.11005,0.10557,0.015714,0.018356,0.042262,0.027837,0.081015,0.14987,0.038143,0.14144,0.13037,0.17368,0.11129,0.0044306,0.01033,0.10701,0.024758,0.19878,0.21675,0.018524,0.18383,0.042507,0.10534,0.13974,0.017018,0.042831,0.1083,0.071352,0.0087109
0.048583,0.048625,0.016631,0.014246,0.051635,0.0044372,0.033671,0.015099,0.090884,0.094399,0.035159,0.036521,0.041705,0.031645,0.13357,0.01659,0.1572,0.14582,0.14527,0.027679,0.041993,0.017569,0.13259,0.017306,0.1247,0.068975,0.032218,0.00091302,0.011191,0.13266,0.044151,0.11211,0.1457,0.0010901,0.021866,0.15839,0.15059,0.010403,0.052725,0.047258,0.086863,0.060042,0.12024,0.04504,0.14651,0.073665,0.092081,0.12171,0.030968,0.12654,0.056862,0.20973,0.020054,0.0016718,0.15103,0.015027,0.16149,0.14329,0.011906,0.049955,0.034531,0.015753,0.1053,0.088253,0.068928,0.10439,0.077219,0,0.087431,0.035446,0.07754,0.14893,0.13156,0.00649,0.084103,0.17048,0.06578,0.09618,0.0067137,0.11317,0.16759,0.10674,0.061367,0.055275,0.044355,0.18264,0.020671,0.10402,0.085352,0.027223,0.019931,0.0039134,0.058561,0.08765,0.074262,0.015375,0.019065,0.0036969,0.027417,0.06885
0.023857,0.023171,0.26759,0.041251,0.077355,0.09434,0.047014,0.035698,0.095824,0.13742,0.016742,0.034645,0.10897,0.020093,0.011606,0.081978,0.1212,0.15002,0.074551,0.072456,0.10426,0.069188,0.014525,0.022937,0.18782,0.044583,0.053461,0.0086917,0.17729,0.14465,0.053818,0.090714,0.066147,0.15132,0.037468,0.087102,0.034428,0.024599,0.097085,0.0062917,0.012349,0.058838,0.099448,0.060157,0.047779,0.053528,0.026046,0.12624,0.040654,0.017364,0.04638,0.019982,0.018119,0.081733,0.1779,0.049032,0.061615,0.030347,0.078912,0.058908,0.099712,0.07015,0.072708,0.012155,0.0095831,0.14239,0.068131,0.087431,0,0.048449,0.01328,0.049618,0.078025,0.24212,0.26195,0.0068045,0.041546,0.052553,0.12419,0.20164,1.1076e-05,0.059592,0.078198,0.012477,0.039276,0.082436,0.1296,0.09111,0.0066773,0.032949,0.081342,0.050645,0.007725,0.23349,0.028095,0.16055,0.031499,0.085588,0.1341,0.071188
0.14944,0.011123,0.065541,0.0043564,0.029494,0.14796,0.12188,0.028496,0.11652,0.070232,0.044727,0.047208,0.040077,0.11117,0.042256,0.072858,0.10953,0.020221,0.14248,0.00095025,0.16563,0.012241,0.093036,0.051766,0.032457,0.029103,0.12618,0.20928,0.1805,0.19861,0.0063722,0.095593,0.025824,0.26583,0.036073,0.083158,0.050692,0.017744,0.09353,0.094607,0.041655,0.0069293,0.1667,0.079457,0.045199,0.068637,0.069666,0.027606,0.16096,0.091445,0.1526,0.058402,0.23539,0.0095006,0.017547,0.075026,0.035443,0.017869,0.083912,0.093483,0.037448,0.080509,0.10495,0.0086782,0.040123,0.021084,0.19728,0.035446,0.048449,0,0.22811,0.1428,0.082916,0.052516,0.18366,0.042805,0.053728,0.071948,0.0086181,0.0035088,0.058868,0.12109,0.11284,0.0080601,0.025676,0.0176,0.00093356,0.097358,0.077538,0.079369,0.12428,0.093446,0.11741,0.12539,0.00065665,0.1427,0.071177,0.13669,0.13137,0.14411
0.044672,0.1474,0.004605,0.049794,0.039224,0.064826,0.042864,0.022429,0.082028,0.056971,0.011894,0.13797,0.12962,0.060588,0.11774,0.0099595,0.21401,0.212,0.24219,0.013296,0.13065,0.015849,0.21537,0.14541,0.12884,0.013846,0.08452,0.16569,0.01367,0.037538,0.06517,0.060669,0.18623,0.044566,0.17343,0.15065,0.10532,0.04936,0.011285,0.094753,0.025351,0.050133,0.02287,0.031458,0.072797,0.051857,0.021044,0.0095461,0.025146,0.16399,0.10572,0.027432,0.08769,0.025876,0.15759,0.12998,0.080194,0.2736,0.10119,0.22688,0.067633,0.083923,0.10258,0.098177,0.13067,0.24085,0.10622,0.07754,0.01328,0.22811,0,0.029631,0.0074886,0.00076651,0.16182,0.10897,0.13512,0.017556,0.11211,0.093888,0.080243,0.094834,0.035647,0.11818,0.078165,0.052536,0.059582,0.057397,0.11549,0.015111,0.068136,0.146,0.1234,0.03196,0.075132,0.1,0.087581,0.084482,0.030512,0.024249
0.034158,0.017023,0.089984,0.083111,0.02764,0.092728,0.075122,0.16867,0.13069,0.008345,0.023654,0.047417,0.072776,0.11795,0.014115,0.11022,0.024083,0.10382,0.1998,0.091096,0.0137,0.063399,0.19714,0.0075017,0.17698,0.068249,0.2873,0.058343,0.045052,0.082922,0.12144,0.25373,0.00029141,0.087762,0.038626,0.01266,0.077685,0.010242,0.092182,0.05287,0.064768,0.072931,0.06741,0.092839,0.10325,0.076928,0.06958,0.074032,0.017703,0.067331,0.058284,0.019001,0.039296,0.080698,0.072778,0.0096846,0.065722,0.16728,0.055341,0.1639,0.023312,0.040724,0.26136,0.05593,0.34444,0.074949,0.11005,0.14893,0.049618,0.1428,0.029631,0,0.086204,0.067428,0.062653,0.15663,0.034942,0.055672,0.0085028,0.013037,0.035717,0.13761,0.13739,0.17229,0.14857,0.040887,0.076182,0.0076667,0.13644,0.036173,0.068291,0.097272,0.067848,0.028121,0.10258,0.094748,0.27616,0.049303,0.057259,0.11852
0.05638,0.014696,0.0066308,0.039141,0.010187,0.036292,0.15239,0.051302,0.23642,0.017457,0.21971,0.098704,0.11157,0.11277,0.17707,0.0024285,0.085306,0.010209,0.075344,0.17781,0.059469,0.012774,0.054682,0.090464,0.028716,0.23277,0.26715,0.039929,0.066035,0.078095,0.030419,0.12612,0.14387,0.01553,0.024172,0.047731,0.12414,0.090131,0.2077,0.059203,0.0050558,0.077843,0.18784,0.035637,0.044471,0.06522,0.10152,0.0089287,0.12728,0.053608,0.0080134,0.083156,0.0088493,0.19137,0.097052,0.089262,0.014739,0.14668,0.01726,0.27545,0.078675,0.052344,0.099684,0.035127,0.027626,0.012856,0.10557,0.13156,0.078025,0.082916,0.0074886,0.086204,0,0.0064587,0.010477,0.048472,0.041454,0.21486,0.06541,0.075923,0.031422,0.13147,0.067454,0.097313,0.066837,0.066537,0.11187,0.19013,0.31301,0.10471,0.13837,0.067138,0.12341,0.074153,0.067116,0.04987,0.0054774,0.1426,0.0060514,0.024882
0.0089468,0.032221,0.032759,0.03537,0.028294,0.049983,0.15225,0.12976,0.20451,0.20913,0.016669,0.10727,0.1559,0.035854,0.11788,0.15596,0.058769,0.15225,0.065347,0.071666,0.0082773,0.013838,0.1725,0.013928,0.096447,0.11986,0.12622,0.028857,0.045859,0.01035,0.11655,0.0031566,0.057857,0.11135,0.0043331,0.079298,0.14696,0.048473,0.11429,0.18285,0.024798,0.15769,0.077828,0.29569,0.018933,0.017017,0.0025417,0.050678,0.030152,0.0052477,0.19576,0.1522,0.1247,0.069928,0.011609,0.12646,0.30951,0.02939,0.14315,0.2046,0.047086,0.12706,0.033436,0.010009,0.092963,0.013506,0.015714,0.00649,0.24212,0.052516,0.00076651,0.067428,0.0064587,0,0.11198,0.15897,0.024416,0.014246,0.0068054,0.043701,0.055094,0.002954,0.11141,0.067071,0.043059,0.019937,0.076283,0.10066,0.15387,0.28889,0.0070131,0.10662,0.0052694,0.28098,0.056488,0.026497,0.017281,0.041003,0.0055673,0.11728
0.0011287,0.085865,0.093492,0.046208,0.07292,0.11619,0.070209,0.056968,0.082886,0.055906,0.019056,0.06102,0.0014466,0.074238,0.043186,0.05278,0.024724,0.13184,0.11964,0.060886,0.0051872,0.014726,0.076662,0.013948,0.092699,0.067524,0.018997,0.016445,0.028257,0.010664,0.081654,0.0024164,0.10064,0.0010014,0.115,0.015839,0.17733,0.15236,0.1391,0.0054876,0.058978,0.23796,0.081022,0.2121,0.21632,0.065594,0.026301,0.03018,0.046246,0.029851,0.036378,0.021059,0.20054,0.021642,0.019832,0.11774,0.28862,0.0067447,0.0015475,0.14663,0.064998,0.047417,0.015151,0.047489,0.30753,0.046756,0.018356,0.084103,0.26195,0.18366,0.16182,0.062653,0.010477,0.11198,0,0.023615,0.054121,0.018762,0.1315,0.02866,0.14581,0.020379,0.067463,0.016344,0.044684,0.14597,0.19429,0.12205,0.26065,0.098167,0.065374,0.097761,0.043858,0.15869,0.022122,0.086406,0.22641,0.087094,0.0096421,0.037283
0.0032194,0.20408,0.15884,0.22934,0.093758,0.10903,0.0065266,0.029392,0.034669,0.067989,0.022446,0.044152,0.10522,0.040368,0.0015351,0.17195,0.039087,0.042693,0.086406,0.13031,0.064476,0.072873,0.076968,0.10302,0.038182,0.16096,0.1801,0.16269,0.091271,0.094028,0.086961,0.0067522,0.090792,0.063916,0.10271,0.11449,0.036935,0.2457,0.1528,0.036626,0.019712,0.011825,0.052961,0.15201,0.16946,0.11396,0.015122,0.12152,0.0032767,0.012853,0.13501,0.16407,0.0084385,0.063069,0.043065,0.081243,0.15686,0.0093644,0.021194,0.034688,0.053156,0.00020414,0.18456,0.10209,0.22217,0.017588,0.042262,0.17048,0.0068045,0.042805,0.10897,0.15663,0.048472,0.15897,0.023615,0,0.029168,0.18439,0.049545,0.020705,0.13147,0.02257,0.15526,0.10344,0.093464,0.008875,0.011004,0.090959,0.1057,0.012729,0.10935,0.016268,0.080428,0.032002,0.064735,0.15866,0.0079548,0.16619,0.067176,0.014649
0.077216,0.065607,0.12015,0.058338,0.040004,0.10018,0.15861,0.025557,0.040842,0.056151,0.076559,0.059443,0.06176,0.020608,0.27282,0.030582,0.043163,0.11791,0.084398,0.050842,0.0025573,0.069126,0.23688,0.090796,0.21114,0.093872,0.0043629,0.083096,0.21553,0.03915,0.032314,0.13989,0.0022626,0.04866,0.036991,0.1063,0.11857,0.056142,0.22613,0.11332,0.18737,0.0052055,0.00079205,0.051514,0.12036,0.037403,0.073856,0.002457,0.077987,0.14276,0.0077025,0.073401,0.089802,0.10756,0.053704,0.034205,0.087784,0.089348,0.016549,0.22723,0.048636,0.031582,0.0030376,0.023785,0.010602,0.044493,0.027837,0.06578,0.041546,0.053728,0.13512,0.034942,0.041454,0.024416,0.054121,0.029168,0,0.070318,0.036158,0.057106,0.054653,0.14757,0.14412,0.012462,0.19936,0.068666,0.1572,0.052915,0.2718,0.069007,0.14234,0.0027463,0.033794,0.12805,0.055567,0.051852,0.017192,0.041161,0.010444,0.20234
0.034199,0.050139,0.11874,0.039691,0.083211,0.066163,0.021339,0.04876,0.12541,0.041305,0.16265,0.063567,0.15851,0.0038588,0.11557,0.086395,0.072065,0.014602,0.18166,0.10288,0.1634,0.061318,0.085342,0.097903,0.097368,0.011208,0.13114,0.0064725,0.056168,0.13942,0.056275,0.07934,0.13874,0.055172,0.28943,0.012039,0.11315,0.24484,0.0077809,0.027044,0.086137,0.1232,0.21731,0.0099162,0.029542,0.075881,0.13839,0.13586,0.065618,0.16758,0.041094,0.046425,0.12924,0.027928,0.10702,0.015583,0.14457,0.050272,0.15575,0.18568,0.12318,0.045157,0.055169,0.020318,0.016887,0.11358,0.081015,0.09618,0.052553,0.071948,0.017556,0.055672,0.21486,0.014246,0.018762,0.18439,0.070318,0,0.036308,0.22466,0.18687,0.1099,0.078846,0.084586,0.047105,0.043502,0.10393,0.070774,0.099597,0.10256,0.062567,0.10051,0.22801,0.010978,0.059454,0.067448,0.092855,0.027779,0.040015,0.020846
0.063578,0.14557,0.12019,0.05636,0.044645,0.094762,0.01171,0.21233,0.085468,0.074068,0.17235,0.11122,0.02615,0.096661,0.038963,0.033274,0.1492,0.013613,0.082505,0.21688,0.10879,0.059117,0.052045,0.027432,0.091938,0.014207,0.049108,0.10466,0.11837,0.0040602,0.19405,0.043695,0.10955,0.28285,0.056119,0.015494,0.054878,0.027714,0.22118,0.051183,0.071676,0.0722,0.015891,0.01682,0.041024,0.13894,0.11788,0.025047,0.0030196,0.25706,0.0037864,0.04645,0.082511,0.24271,0.064602,0.037152,0.09468,0.088787,0.089748,0.068756,0.099223,0.076246,0.079975,0.0070933,0.047284,0.24318,0.14987,0.0067137,0.12419,0.0086181,0.11211,0.0085028,0.06541,0.0068054,0.1315,0.049545,0.036158,0.036308,0,0.0075658,0.017259,0.020056,0.023472,0.11678,0.054664,0.11797,0.046816,0.054921,0.023503,0.14574,0.0076293,0.06276,0.015112,0.092455,0.17534,0.040883,0.19579,0.045667,0.1718,0.066503
0.080252,0.10064,0.26447,0.061275,0.17318,0.043091,0.14468,0.103,0.17188,0.0037502,0.014757,0.27487,0.28304,0.072456,0.094767,0.076278,0.063142,0.018707,0.039885,0.016865,0.13971,0.03676,0.0475,0.025657,0.046205,0.071701,0.13463,0.047724,0.025347,0.18587,0.080061,0.14277,0.087247,0.15101,0.094827,0.018733,0.15462,0.063014,0.025951,0.040006,0.083697,0.12615,0.1322,0.053589,0.046561,0.13847,0.099986,0.14875,0.041509,0.031699,0.017894,0.13696,0.22051,0.19806,0.05147,0.049152,0.013423,0.18352,0.029763,0.088564,0.0939,0.033377,0.084732,0.046347,0.11266,0.073464,0.038143,0.11317,0.20164,0.0035088,0.093888,0.013037,0.075923,0.043701,0.02866,0.020705,0.057106,0.22466,0.0075658,0,0.0084004,0.12202,0.026209,0.10393,0.13113,0.024795,0.01235,0.13872,0.063248,0.033362,0.038257,0.04643,0.03959,0.059325,0.035191,0.3294,0.0082612,0.04158,0.030435,0.038797
0.034631,0.011904,0.01393,0.07637,0.1588,0.054155,0.020142,0.12671,0.14052,0.0062112,0.0091112,0.10266,0.12139,0.092663,0.072617,0.018402,0.15295,0.028934,0.04488,0.16856,0.021011,0.28372,0.2438,0.080517,0.084584,0.22454,0.26598,0.019011,0.036903,0.019112,0.14896,0.14494,0.011907,0.22407,0.078054,0.007534,0.0015705,0.10007,0.068635,0.085309,0.093466,0.10459,0.10959,0.0087395,0.0048566,0.15384,0.20749,0.03605,0.040649,0.033173,0.039118,0.038521,0.20574,0.017286,0.051309,0.049803,0.18631,0.074705,0.045245,0.0078436,0.13779,0.035149,0.054337,0.04762,0.011594,0.03764,0.14144,0.16759,1.1076e-05,0.058868,0.080243,0.035717,0.031422,0.055094,0.14581,0.13147,0.054653,0.18687,0.017259,0.0084004,0,0.029926,0.098372,0.11284,0.034189,0.14092,0.057568,0.20382,0.092572,0.21174,0.078167,0.050893,0.078697,0.058963,0.03622,0.12215,0.16145,0.10269,0.03651,0.10358
0.010713,0.037705,0.050362,0.039351,0.052863,0.076148,0.039832,0.021537,0.020323,0.20117,0.0091008,0.12826,0.14498,0.018938,0.043499,0.070568,0.14955,0.19613,0.15793,0.085236,0.052044,0.17371,0.014124,0.075142,0.19388,0.011169,0.054998,0.080354,0.022213,0.1222,0.19328,0.0696,0.23864,0.028936,0.021896,0.030854,0.022985,0.22099,0.022688,0.00065209,0.047774,0.14761,0.090141,0.21881,0.069029,0.21133,0.085677,0.010757,0.026778,0.081127,0.17485,0.048392,0.014179,0.16723,0.096392,0.037084,0.069789,0.099527,0.083782,0.017894,0.085418,0.0095095,0.056085,0.062405,0.0031724,0.043268,0.13037,0.10674,0.059592,0.12109,0.094834,0.13761,0.13147,0.002954,0.020379,0.02257,0.14757,0.1099,0.020056,0.12202,0.029926,0,0.076819,0.04396,0.11441,0.25274,0.12736,0.067121,0.14664,0.047429,0.10685,0.034802,0.020364,0.094565,0.1947,0.18579,0.18776,0.067892,0.0076594,0.13571
0.18335,0.013618,0.031638,0.069301,0.0054173,0.089783,0.0072806,0.080739,0.047239,0.044163,0.033027,0.069166,0.13841,0.049011,0.060971,0.15885,0.18606,0.039057,0.10337,0.015752,0.045308,0.12461,0.059177,0.020955,0.20759,0.066204,0.02385,0.067805,0.1057,0.24629,0.11018,0.26185,0.089137,0.051157,0.22052,0.053545,0.019434,0.098507,0.064719,0.09435,0.035096,0.13912,0.043185,0.17197,0.013355,0.049659,0.062925,0.063365,0.088777,0.17171,0.094828,0.1828,0.13747,0.040564,0.084516,0.10789,0.25855,0.13736,0.077786,0.21116,0.0085567,0.12568,0.16292,0.15777,0.072523,0.0054897,0.17368,0.061367,0.078198,0.11284,0.035647,0.13739,0.067454,0.11141,0.067463,0.15526,0.14412,0.078846,0.023472,0.026209,0.098372,0.076819,0,0.052976,0.17046,0.085711,0.019238,0.1818,0.065282,0.017989,0.23827,0.038937,0.23819,0.031542,0.040193,0.18914,0.17147,0.126,0.097852,0.042454
0.07679,0.044979,0.0069469,0.019259,0.044071,0.026127,0.078898,0.0051072,0.026192,0.0076406,0.10813,0.069167,0.055251,0.031334,0.19969,0.090245,0.061401,0.096603,0.051995,0.097455,0.025693,0.012595,0.15582,0.11091,0.070241,0.13576,0.10497,0.038971,0.15551,0.1157,0.11925,0.063772,0.16126,0.082471,0.06937,0.067042,0.00020346,0.010213,0.08938,0.011925,0.1489,0.13785,0.022189,0.074094,0.11783,0.0081707,0.065774,0.10501,0.12495,0.050699,0.074699,0.065292,0.074106,0.02064,0.077233,0.12345,0.079325,0.066091,0.0046778,0.12906,0.007749,0.074199,0.089159,0.026536,0.14765,0.049102,0.11129,0.055275,0.012477,0.0080601,0.11818,0.17229,0.097313,0.067071,0.016344,0.10344,0.012462,0.084586,0.11678,0.10393,0.11284,0.04396,0.052976,0,0.096956,0.065049,0.040886,0.054317,0.025902,0.12023,0.01551,0.16367,0.065637,0.083142,0.15577,0.14743,0.21435,0.14942,0.044878,0.039741
0.09282,0.11265,0.081322,0.19536,0.097499,0.14121,0.20833,0.024274,0.23359,0.12711,0.1879,0.076936,0.079527,0.10439,0.27975,0.18681,0.059244,0.065137,0.020006,0.069813,0.013815,0.0024981,0.084872,0.21475,0.1196,0.053486,0.073018,0.17249,0.072621,0.061128,0.071717,0.19174,0.034965,0.011231,0.10818,0.01259,0.085086,0.12498,0.027299,0.098087,0.17008,0.011063,0.053644,0.050253,0.097176,0.028874,0.15156,0.23114,0.25821,0.040849,0.22306,0.061994,0.074415,0.0051628,0.084678,0.060459,0.1194,0.019509,0.031875,0.20215,0.12504,0.10875,0.2723,0.10123,0.021179,0.023639,0.0044306,0.044355,0.039276,0.025676,0.078165,0.14857,0.066837,0.043059,0.044684,0.093464,0.19936,0.047105,0.054664,0.13113,0.034189,0.11441,0.17046,0.096956,0,0.05791,0.059427,0.10818,0.022916,0.07966,0.057759,0.044597,0.030399,0.13311,0.015988,0.14515,0.028059,0.072572,0.0098731,0.12364
0.062772,0.092601,0.061703,0.11395,0.054849,0.06318,0.038125,0.17196,0.13997,0.099512,0.053988,0.062046,0.10618,0.090488,0.16974,0.056777,0.00095834,0.024708,0.0057216,0.1048,0.057387,0.017869,0.065802,0.049568,0.051533,0.04445,0.097861,0.066295,0.10301,0.12212,0.12018,0.047256,0.07214,0.026341,0.069342,0.17581,0.23841,0.06894,0.04127,0.119,0.11184,0.082038,0.085369,0.026855,0.085215,0.009678,0.022636,0.13056,0.098037,0.006092,0.010835,0.0066681,0.055016,0.055904,0.0013919,0.035712,0.099692,0.0016014,0.14722,0.0017117,0.090794,0.075907,0.18065,0.037024,0.060914,0.0045948,0.01033,0.18264,0.082436,0.0176,0.052536,0.040887,0.066537,0.019937,0.14597,0.008875,0.068666,0.043502,0.11797,0.024795,0.14092,0.25274,0.085711,0.065049,0.05791,0,0.081446,0.016186,0.015075,0.072182,0.07985,0.13118,0.092552,0.02171,0.06623,0.061873,0.16219,0.035472,0.13315,0.029828
0.045588,0.030253,0.15827,0.16006,0.097882,0.32051,0.10953,0.20905,0.069036,0.029531,0.061614,0.05686,0.0013528,0.0040415,0.0059956,0.075491,0.0028945,0.11262,0.16412,0.046155,0.066806,0.087618,0.1099,0.21168,0.16294,0.026438,0.13937,0.09223,0.075883,0.038337,0.0078667,0.1429,0.0032077,0.16316,0.0050477,0.073706,0.021847,0.19339,0.14107,0.087833,0.070947,0.1184,0.00034148,0.076904,0.02317,0.080549,0.033899,0.044887,0.07916,0.11836,0.082314,0.054786,0.10329,0.19396,0.18318,0.076047,0.0065058,0.17651,0.038577,0.055103,0.023955,0.15098,0.10398,0.0166,0.048357,0.099809,0.10701,0.020671,0.1296,0.00093356,0.059582,0.076182,0.11187,0.076283,0.19429,0.011004,0.1572,0.10393,0.046816,0.01235,0.057568,0.12736,0.019238,0.040886,0.059427,0.081446,0,0.095818,0.14366,0.23008,0.12346,0.051805,0.080379,0.0099529,0.0090554,0.08623,0.14642,0.033219,0.061086,0.010824
0.037596,0.0041618,0.018139,0.061506,0.03169,0.048577,0.030493,0.039267,0.031969,0.059449,0.10635,0.092945,0.22495,0.088163,0.023981,0.066838,0.062754,0.11846,0.029754,0.023657,0.14529,0.013213,0.015933,0.0063933,0.10787,0.057124,0.068389,0.15333,0.03148,0.041408,0.04165,0.057658,0.06977,0.018239,0.041765,0.29489,0.025009,0.22461,0.16823,0.014035,0.00099991,0.13898,0.021034,0.055871,0.16466,0.0034168,0.10675,0.0058614,0.39882,0.057056,0.12046,0.017836,0.030839,0.10439,0.13268,0.13972,0.0067408,0.070587,0.13654,0.06017,0.14582,0.11704,0.04188,0.11477,0.13982,0.057023,0.024758,0.10402,0.09111,0.097358,0.057397,0.0076667,0.19013,0.10066,0.12205,0.090959,0.052915,0.070774,0.054921,0.13872,0.20382,0.067121,0.1818,0.054317,0.10818,0.016186,0.095818,0,0.011462,0.1417,0.057173,0.059149,0.080421,0.20469,0.099982,0.074881,0.037948,0.16473,0.019874,0.10326
0.015423,0.018859,0.0054203,0.085498,0.081253,0.26258,0.0038814,0.0093528,0.047077,0.0236,0.085583,0.21059,0.18103,0.20114,0.25224,0.045808,0.033015,0.028609,0.1822,0.084687,0.14354,0.15749,0.06716,0.15199,0.07209,0.073067,0.058891,0.05136,0.029617,0.019548,0.064878,0.30108,0.02153,0.24332,0.039924,0.038516,0.058089,0.053526,0.026571,0.10345,0.015848,0.1034,0.19279,0.036263,0.066167,0.11495,0.066245,0.14835,0.039767,0.022377,0.1319,0.0020064,0.17795,0.071495,0.11967,0.11558,0.023821,0.044569,0.072517,0.10789,0.072703,0.018293,0.13683,0.01354,0.050693,0.11985,0.19878,0.085352,0.0066773,0.077538,0.11549,0.13644,0.31301,0.15387,0.26065,0.1057,0.2718,0.099597,0.023503,0.063248,0.092572,0.14664,0.065282,0.025902,0.022916,0.015075,0.14366,0.011462,0,0.086255,0.10008,0.18874,0.059197,0.10779,0.18254,0.26835,0.08189,0.17079,0.036879,0.023276
0.068632,0.082471,0.048257,0.051267,0.13934,0.077136,0.11714,0.14455,0.0086262,0.0030569,0.010106,0.087659,0.097216,0.22765,0.054692,0.12176,0.18051,0.085463,0.020532,0.099268,0.078325,0.089237,0.047595,0.10282,0.14846,0.074264,0.10657,0.030593,0.26063,0.016818,0.024659,0.067964,0.082311,0.21047,0.0046343,0.016667,0.013598,0.010535,0.062824,0.054077,0.099724,0.14186,0.30166,0.035221,0.17463,0.027412,0.010832,0.036282,0.05499,0.004621,0.088338,0.011207,0.063681,0.023103,0.14142,0.089767,0.010138,0.075544,0.1144,0.044508,0.082656,0.073429,0.022451,0.095511,0.070279,0.0081194,0.21675,0.027223,0.032949,0.079369,0.015111,0.036173,0.10471,0.28889,0.098167,0.012729,0.069007,0.10256,0.14574,0.033362,0.21174,0.047429,0.017989,0.12023,0.07966,0.072182,0.23008,0.1417,0.086255,0,0.029477,0.09306,0.10942,0.18303,0.02877,0.030914,0.02617,0.090072,0.24108,0.15542
0.099056,0.014573,0.031922,0.086416,0.067508,0.15035,0.062036,0.015341,0.17662,0.034759,0.070494,0.099985,0.051256,0.001403,0.050702,0.072501,0.041043,0.13037,0.074607,0.10177,0.025281,0.0067385,0.20055,0.03785,0.028259,0.018246,0.11601,0.088683,0.11839,0.014033,0.0155,0.0563,0.036061,0.093789,0.080006,0.080981,0.1367,0.087005,0.20789,0.042377,0.045304,0.055558,0.049616,0.13337,0.1405,0.14953,0.1784,0.044978,0.002402,0.071205,0.016504,0.054297,0.05692,0.068439,0.071239,0.14178,0.068939,0.013428,0.11196,0.092085,0.011471,0.026317,0.20598,0.11533,0.023068,0.047296,0.018524,0.019931,0.081342,0.12428,0.068136,0.068291,0.13837,0.0070131,0.065374,0.10935,0.14234,0.062567,0.0076293,0.038257,0.078167,0.10685,0.23827,0.01551,0.057759,0.07985,0.12346,0.057173,0.10008,0.029477,0,0.010099,0.023877,0.035115,0.14362,0.068418,0.20556,0.0081693,0.050291,0.3007
0.025,0.14456,0.031671,0.0344,0.10499,0.033172,0.24474,0.10346,0.070958,0.025989,0.0016735,0.0856,0.062617,0.16214,0.10148,0.069958,0.13802,0.0082631,0.033552,0.076093,0.022099,0.012676,0.076419,0.094488,0.1657,0.0042019,0.10327,0.033199,0.045972,0.094936,0.042442,0.10814,0.10356,0.039167,0.17728,0.038311,0.11839,0.025505,0.064134,0.00096614,0.12818,0.038911,0.037108,0.15544,0.16189,0.041075,0.044741,0.079112,0.00097977,0.066021,0.095285,0.020457,0.077886,0.051433,0.11346,0.054125,0.032068,0.011319,0.084284,0.075666,0.10278,0.0055178,0.17318,0.0013029,0.033599,0.088553,0.18383,0.0039134,0.050645,0.093446,0.146,0.097272,0.067138,0.10662,0.097761,0.016268,0.0027463,0.10051,0.06276,0.04643,0.050893,0.034802,0.038937,0.16367,0.044597,0.13118,0.051805,0.059149,0.18874,0.09306,0.010099,0,0.060313,0.062895,0.055381,0.19498,0.054474,0.12497,0.051153,0.14224
0.069881,0.087083,0.0062364,0.020028,0.061067,0.17734,0.065276,0.14889,0.14972,0.12601,0.13342,0.029546,0.1121,0.20527,0.17924,0.12698,0.0024912,0.015555,0.11591,0.017796,0.15545,0.0017572,0.0032068,0.057072,0.0089264,0.028859,0.013836,0.056911,0.18945,0.00066365,0.17804,0.056174,0.14142,0.086955,0.0502,0.067727,0.2075,0.049562,0.0063323,0.14468,0.27424,0.12945,0.13095,0.093148,0.055563,0.20349,0.041734,0.040788,0.021117,0.10841,0.20631,0.095577,0.14598,0.068072,0.0091492,0.0018761,0.051682,0.01031,0.10244,0.05857,0.091902,0.026917,0.034923,0.015616,0.038359,0.037603,0.042507,0.058561,0.007725,0.11741,0.1234,0.067848,0.12341,0.0052694,0.043858,0.080428,0.033794,0.22801,0.015112,0.03959,0.078697,0.020364,0.23819,0.065637,0.030399,0.092552,0.080379,0.080421,0.059197,0.10942,0.023877,0.060313,0,0.0074006,0.01244,0.1289,0.034264,0.090063,0.013117,0.058108
0.12912,0.0022369,0.21588,0.16634,0.0061956,0.17722,0.25571,0.0027102,0.10786,0.00072372,0.0057069,0.054012,0.055169,0.032748,0.068518,0.12817,0.13812,0.045195,0.027617,0.062227,0.087966,0.048691,0.12816,0.14675,0.021136,0.06892,0.016013,0.042368,0.1541,0.015087,0.052419,0.21889,0.14607,0.15358,0.12187,0.20284,0.25104,0.12732,0.10464,0.16426,0.017965,0.023189,0.070485,0.051999,0.027704,0.031094,0.05752,0.2055,0.14116,0.16407,0.025392,0.03722,0.031812,0.071724,0.13093,0.040291,0.00024852,0.23187,0.069579,0.027065,0.16018,0.030692,0.0056095,0.20604,0.063158,0.080703,0.10534,0.08765,0.23349,0.12539,0.03196,0.028121,0.074153,0.28098,0.15869,0.032002,0.12805,0.010978,0.092455,0.059325,0.058963,0.094565,0.031542,0.083142,0.13311,0.02171,0.0099529,0.20469,0.10779,0.18303,0.035115,0.062895,0.0074006,0,0.014973,0.063136,0.055931,0.13675,0.06573,0.095614
0.074819,0.064696,0.03001,0.019639,0.081432,0.03111,0.27305,0.22927,0.049748,0.18285,0.032652,0.043563,0.038882,0.26275,0.068421,0.067269,0.2471,0.1488,0.048915,0.23025,0.034917,0.017962,0.032704,0.077966,0.053012,0.049692,0.050014,0.082417,0.13897,0.16908,0.14004,0.093779,0.0017704,0.045108,0.035032,0.036485,0.14708,0.076533,0.10276,0.097677,0.015722,0.046402,0.089436,0.1269,0.051681,0.1431,0.085481,0.24598,0.14577,0.061864,0.042723,0.094172,0.14219,0.12462,0.20466,0.25101,0.027383,0.081755,0.00070664,0.12558,7.1983e-05,0.023201,0.076314,0.12678,0.16955,0.055892,0.13974,0.074262,0.028095,0.00065665,0.075132,0.10258,0.067116,0.056488,0.022122,0.064735,0.055567,0.059454,0.17534,0.035191,0.03622,0.1947,0.040193,0.15577,0.015988,0.06623,0.0090554,0.099982,0.18254,0.02877,0.14362,0.055381,0.01244,0.014973,0,0.23558,0.011855,0.045741,0.11063,0.0069542
0.054195,0.020308,0.051618,0.11876,0.035581,0.012011,0.029272,0.077679,0.074138,0.09253,0.0412,0.047727,0.05255,0.043938,0.00093255,0.12336,0.020712,0.09087,0.031033,0.093169,0.12916,0.11674,0.050176,0.14038,0.0053148,0.029725,0.051407,0.078186,0.0094976,0.075656,0.05576,0.044689,0.085198,0.23125,0.032862,0.087098,0.219,0.068159,0.10692,0.16236,0.057742,0.39637,0.20211,0.10733,0.064099,0.012407,0.044656,0.049979,0.06633,0.073742,0.028336,0.023716,0.050728,0.09737,0.057519,0.003281,0.10754,0.027636,0.15236,0.05539,0.015657,0.19416,0.16676,0.033179,0.026381,0.14776,0.017018,0.015375,0.16055,0.1427,0.1,0.094748,0.04987,0.026497,0.086406,0.15866,0.051852,0.067448,0.040883,0.3294,0.12215,0.18579,0.18914,0.14743,0.14515,0.061873,0.08623,0.074881,0.26835,0.030914,0.068418,0.19498,0.1289,0.063136,0.23558,0,0.094355,0.12767,0.17317,0.031954
0.11059,0.018881,0.0068307,0.04719,0.13498,0.021766,0.12523,0.11027,0.27836,0.095459,0.0056479,0.16884,0.0093646,0.054198,0.34259,0.048834,0.069704,0.022597,0.075791,0.069803,0.15911,0.086534,0.023785,0.05795,0.16776,0.055624,0.099566,0.12331,0.037048,0.054241,0.059704,0.079853,0.0015913,0.14736,0.055693,0.033692,0.051274,0.027333,0.021842,0.0247,0.041303,0.08377,0.10604,0.030361,0.0086809,0.10301,0.054622,0.18149,0.0050685,0.11292,0.052473,0.11379,0.045514,0.04394,0.1747,0.017448,0.013739,0.036788,0.11493,0.037084,0.078655,0.084656,0.24689,0.096012,0.018629,0.1708,0.042831,0.019065,0.031499,0.071177,0.087581,0.27616,0.0054774,0.017281,0.22641,0.0079548,0.017192,0.092855,0.19579,0.0082612,0.16145,0.18776,0.17147,0.21435,0.028059,0.16219,0.14642,0.037948,0.08189,0.02617,0.20556,0.054474,0.034264,0.055931,0.011855,0.094355,0,0.029198,0.067555,0.079686
0.01381,0.022282,0.054318,0.052497,0.051669,0.069098,0.082461,0.073537,0.064817,0.11477,0.014852,0.14426,0.068971,0.027501,0.15894,0.27136,0.034205,0.0095899,0.0377,0.032821,0.21809,0.17302,0.022868,0.0066373,0.090584,0.085937,0.15646,0.00069315,0.053166,0.10748,0.049971,0.01173,0.0056131,0.075401,0.082905,0.016253,0.033811,0.044577,0.03614,0.029165,0.029222,0.091443,0.096794,0.013709,0.0032673,0.029055,0.066974,0.0096565,0.037827,0.059086,0.099214,0.0035898,0.10727,0.036469,0.011086,0.024463,0.072053,0.022692,0.11687,0.014871,0.041145,0.082916,0.099377,0.026784,0.1314,0.074398,0.1083,0.0036969,0.085588,0.13669,0.084482,0.049303,0.1426,0.041003,0.087094,0.16619,0.041161,0.027779,0.045667,0.04158,0.10269,0.067892,0.126,0.14942,0.072572,0.035472,0.033219,0.16473,0.17079,0.090072,0.0081693,0.12497,0.090063,0.13675,0.045741,0.12767,0.029198,0,0.03869,0.14228
0.11168,0.034498,0.097639,0.22584,0.13663,0.051818,0.021257,0.057397,0.14334,0.080337,0.028656,0.019891,0.03365,0.031923,0.032051,0.10565,0.017342,0.079516,0.0064611,0.023588,0.08277,0.058268,0.088467,0.075055,0.060326,0.044843,0.11046,0.2295,0.117,0.0041669,0.11607,0.037224,0.040064,0.14545,0.26505,0.093031,0.023438,0.068703,0.059241,0.18698,0.052706,0.039649,0.032827,0.022666,0.18322,0.082712,0.089855,0.042557,0.097395,0.10547,0.19993,0.071296,0.03001,0.097227,0.20418,0.13182,0.024169,0.10447,0.038535,0.096594,0.030213,0.066903,0.085329,0.0064887,0.15689,0.08808,0.071352,0.027417,0.1341,0.13137,0.030512,0.057259,0.0060514,0.0055673,0.0096421,0.067176,0.010444,0.040015,0.1718,0.030435,0.03651,0.0076594,0.097852,0.044878,0.0098731,0.13315,0.061086,0.019874,0.036879,0.24108,0.050291,0.051153,0.013117,0.06573,0.11063,0.17317,0.067555,0.03869,0,0.13358
0.065878,0.037091,0.01912,0.040641,0.11961,0.046644,0.090223,0.042337,0.14402,0.11615,0.058312,0.020883,0.019875,0.20953,0.00023527,0.10056,0.032094,0.11312,0.038443,0.15947,0.02795,0.27495,0.04278,0.051738,0.097949,0.119,0.10861,0.030468,0.065905,0.087175,0.14988,0.030144,0.093943,0.020873,0.0029335,0.0061092,0.0452,0.13324,0.086296,0.23543,0.034389,0.058175,0.012209,0.23387,0.038017,0.12279,0.020398,0.0001268,0.1957,0.15717,0.020597,0.036198,0.018626,0.0094363,0.023415,0.10175,0.107,0.11292,0.11764,0.10278,0.044567,0.048095,0.028916,0.025217,0.15662,0.070287,0.0087109,0.06885,0.071188,0.14411,0.024249,0.11852,0.024882,0.11728,0.037283,0.014649,0.20234,0.020846,0.066503,0.038797,0.10358,0.13571,0.042454,0.039741,0.12364,0.029828,0.010824,0.10326,0.023276,0.15542,0.3007,0.14224,0.058108,0.095614,0.0069542,0.031954,0.079686,0.14228,0.13358,0
